Uniprot,Higginbotham2020,Sathe2019,Bader2020,#Studies
Q96MM7,1,0,0,1
Q9H3S4,1,0,0,1
P12724,1,0,1,2
Q6P179,1,1,0,2
E7EUF1,0,0,1,1
Q9UN36-2,0,0,1,1
E9PL83,0,0,1,1
P21246,1,1,0,2
Q8N9G6,0,1,0,1
Q14116,1,0,0,1
B1AHL2,1,0,1,2
P53999,1,0,0,1
Q9BTY2,1,1,1,3
Q9NTU7,1,1,1,3
J3KNV4,0,0,1,1
P29034,1,0,0,1
P16519,1,1,1,3
F8VXU5,1,0,0,1
P29401,1,1,1,3
P31948,1,1,1,3
P35611,1,0,0,1
Q5TFM2,1,0,0,1
Q9UKA4,1,0,0,1
P52907,1,0,0,1
Q9Y617,1,1,1,3
Q9NYQ7,1,1,0,2
E7EW20,1,0,0,1
Q9HC38,1,1,0,2
Q8WUJ3,1,1,1,3
Q9HCB6,1,1,1,3
P23246,1,0,0,1
Q8N8P6,0,1,0,1
Q9UQM7,1,1,1,3
Q9Y5G0,1,0,0,1
P21589,1,1,0,2
E9PQM1,1,0,0,1
F6S8M0,0,0,1,1
P30481,1,0,0,1
A8MUI8,0,1,0,1
Q92956,1,0,0,1
M9MML6,1,0,0,1
Q00839,1,1,0,2
Q9H4B0,1,0,0,1
P06310,0,0,1,1
P63027,0,1,0,1
P60660,0,1,0,1
P05451,1,1,1,3
Q5JZY3,1,1,0,2
Q5VWW1,1,1,1,3
Q15149,1,1,0,2
D3DWX8,1,0,1,2
Q9H4G4,1,1,0,2
O43149,1,0,0,1
O14798,1,1,0,2
Q5T1S8,1,0,0,1
Q9UJZ1,1,0,0,1
A0A286YFJ8,0,0,1,1
P51148,1,1,0,2
A0A087WYC5,1,0,0,1
P45974,1,0,0,1
P52209,1,1,0,2
A1Z1Q3,1,0,0,1
A0A087WSY5,0,0,1,1
A0A0C4DFP6,0,0,1,1
P61978,1,1,0,2
Q9UNF1,1,0,0,1
A0A087X0R6,1,0,0,1
J3KNF6,1,0,1,2
P13686,1,0,0,1
Q92484,1,1,0,2
P63104,1,1,1,3
P49189,1,1,0,2
Q9BSG5,0,1,0,1
P15692,0,1,0,1
A0A087X0T3,1,0,0,1
Q7L5L3,0,1,0,1
A8MVW0,1,0,0,1
Q6P435,0,1,0,1
P22004,1,1,1,3
P19338,1,0,0,1
P27701,1,1,0,2
Q8IYB0,0,1,0,1
Q9UKY7,1,0,0,1
H0YI30,0,0,1,1
O75074,1,0,0,1
P78318,1,0,0,1
P10412,1,0,0,1
F6SYP7,0,0,1,1
A0A0A0MTI5,0,0,1,1
B4DKD2,0,0,1,1
P01876,1,0,0,1
Q8WWX9,1,0,0,1
Q4LDE5,0,1,0,1
P01860,0,0,1,1
Q8TAL6,1,1,0,2
O95865,1,1,0,2
P12429,1,0,0,1
P14384,1,1,0,2
E9PFW3,1,0,0,1
P09936,1,1,0,2
P03952,0,1,0,1
Q96FQ6,0,1,0,1
A0A0C4DGY8,0,0,1,1
A0A087X0M8,1,0,1,2
Q9Y3B8,1,1,0,2
P98164,1,1,0,2
Q15063,1,1,0,2
P13747,0,1,0,1
Q9UNA0,1,0,0,1
P00813,1,0,0,1
Q16775,1,1,0,2
O75368,1,1,1,3
A6NLU5,1,1,1,3
Q02252,1,0,0,1
P06753,1,1,0,2
Q92626,0,1,0,1
H7C5R1,0,0,1,1
P07996,1,1,1,3
Q14894,1,1,1,3
P36896,1,1,0,2
Q9UBS9,1,1,0,2
Q08722,1,1,0,2
A0A0A0MT69,0,0,1,1
P52803,1,1,0,2
O43736,1,0,0,1
O14672,1,1,1,3
O00764,1,0,0,1
P14209,1,1,1,3
P35916,1,1,0,2
O43897,0,1,0,1
O95989,1,1,0,2
A0A0A0MRZ8,0,0,1,1
P15328,1,1,0,2
Q8N1Y9,0,1,0,1
P80511,1,0,0,1
P20742,1,1,1,3
P60953,1,1,0,2
E7ETC2,0,0,1,1
Q6ZVQ6,0,1,0,1
P48163,1,1,1,3
P16144,1,1,0,2
P56705,0,1,0,1
P09912,1,0,0,1
Q96PQ0,1,1,1,3
P05543,1,1,1,3
P55058,1,1,1,3
A8MWP4,0,1,0,1
P0DOY3,0,0,1,1
Q15223,1,0,1,2
C9JVC9,1,0,0,1
Q9BXJ4,1,1,0,2
Q9Y6N6,1,1,1,3
P62633,1,0,0,1
G3V3A0,0,0,1,1
Q9ULP0,1,1,0,2
X6R3G6,1,0,0,1
Q6IPX3,1,0,0,1
P07738,1,0,0,1
P30043,1,0,1,2
Q14C87,1,1,1,3
P54756,0,1,0,1
Q96EG1,1,1,0,2
O60909,0,1,0,1
Q12893,1,1,0,2
P01857,0,0,1,1
O43396,1,0,0,1
O15126,1,1,0,2
Q8N8X9,1,0,0,1
P14867,1,1,0,2
Q9H0E2,1,1,0,2
Q9Y5G4,1,0,0,1
Q8IUC8,1,1,1,3
P61925,1,1,0,2
P35555,1,1,1,3
Q9BVG4,1,0,0,1
Q14515,1,1,1,3
P01008,1,1,1,3
A0A0A0MQS9,1,0,1,2
O00370,0,1,0,1
Q9HCK4,0,1,0,1
Q6UY11,1,1,0,2
A0A087WX49,1,0,0,1
Q9Y219,1,1,0,2
Q9BUQ8,1,0,0,1
Q9Y2I2,1,1,1,3
Q14508,1,1,0,2
Q16658,1,1,1,3
Q9HC57,1,1,1,3
E7EPS8,0,0,1,1
P62328,1,1,0,2
Q8N3G9,1,1,1,3
P78536,1,1,0,2
Q12866,1,1,1,3
Q86VZ4,1,1,0,2
Q7Z5N4,0,1,0,1
O43707,1,1,0,2
P78504,1,1,0,2
Q96HD1,1,1,0,2
O60609,1,1,0,2
P09960,1,1,1,3
P28827,1,1,0,2
Q92673,1,1,1,3
O60469,1,1,0,2
P20042,1,0,0,1
Q8IWK6,0,1,0,1
P01701,0,0,1,1
Q9HD89,1,0,0,1
Q01484,1,0,0,1
Q9NS68,1,1,0,2
P04271,1,1,1,3
A0A087X0K0,0,0,1,1
P05204,1,1,0,2
Q2L6I5,1,0,0,1
Q13642,1,1,0,2
Q8IWU6,1,0,0,1
O15041,1,1,1,3
P61366,1,1,0,2
Q3KQU3,1,0,0,1
Q13145,1,1,0,2
P06727,1,1,1,3
Q5JS37,1,1,0,2
Q9BUJ0,1,1,1,3
Q14847,1,1,0,2
O43529,1,1,1,3
Q9NXS2,1,0,0,1
P11226,1,1,1,3
I3L0A0,1,0,1,2
Q14195,1,1,0,2
O95965,1,1,0,2
A0A075B6S9,0,0,1,1
Q9Y2B9,0,1,0,1
O00391,1,1,1,3
P31943,0,1,0,1
P18428,1,1,1,3
Q32Q12,1,0,0,1
P54289-2,0,0,1,1
Q13201,1,1,1,3
Q9BYC5,0,1,0,1
Q7Z6L0,1,1,0,2
E9PLM6,1,0,0,1
Q76KP1,1,1,0,2
Q7Z7G0,0,1,0,1
Q01974,0,1,0,1
Q9UJ14,1,1,1,3
O95156,0,1,0,1
P36959,1,0,0,1
Q9NZT1,1,1,0,2
P08962,1,0,0,1
P15169,1,1,1,3
H3BLU2,0,0,1,1
Q9BY67-2,0,0,1,1
P30044,1,1,0,2
P31415,1,0,0,1
O95998,0,1,1,2
B0QY80,0,0,1,1
Q9NS69,0,1,0,1
Q92496,1,0,0,1
Q8IUK5,1,1,1,3
G8JLH6,1,0,0,1
A0A075B6S5,0,0,1,1
F5H2B5,1,0,1,2
P31947,1,1,0,2
Q86Y78,1,1,0,2
Q5VY43,1,1,0,2
Q8N8E3,1,0,0,1
P19634,0,1,0,1
P54578,1,1,0,2
P0DOX5,0,1,0,1
P16860,1,1,0,2
P61077,1,0,0,1
Q9BY79,1,1,0,2
A0A087WV15,1,0,0,1
Q7L0L9,0,1,0,1
P69891,1,0,0,1
P17174,1,1,1,3
F5H3H7,0,0,1,1
P54803,0,1,1,2
P26885,1,1,0,2
P25789,1,0,0,1
A0A075B6R2,0,0,1,1
O43581-2,0,0,1,1
Q86UD1,1,1,1,3
Q9UBP4,1,1,0,2
B8ZZD4,1,0,0,1
J3KTL2,1,0,0,1
Q5T9B7,1,0,0,1
P08637,0,1,0,1
O95302,1,0,0,1
H0YC35,1,0,0,1
P49641,1,1,1,3
B2RBV5,0,1,0,1
Q15631,1,1,0,2
Q96IY4,1,1,0,2
Q6ZTI0,0,1,0,1
P21810,1,1,1,3
O15540,1,1,0,2
Q499Y3,0,1,0,1
Q53H76,0,1,0,1
Q96JE9,1,0,0,1
P55291,1,1,1,3
A8MU10,0,1,0,1
Q30154,0,1,0,1
Q02487,1,1,1,3
P42263,0,1,0,1
Q6U841,1,1,0,2
Q9H2K0,1,0,0,1
P06576,1,0,0,1
Q9GZX9,1,1,0,2
P14923,1,1,0,2
Q8N126,1,1,1,3
B7ZKR5,0,0,1,1
M0QZL2,1,0,1,2
E9PGC8,1,0,0,1
P78324,1,1,1,3
Q53RD9,1,1,1,3
O76070,1,1,1,3
Q01459,1,1,1,3
P62879,1,0,0,1
P04180,1,1,1,3
Q9UBV2,1,1,0,2
P08247,0,1,0,1
P28065,1,0,0,1
A0A0A0MTS2,1,0,1,2
Q8TER0,1,1,1,3
P04216,0,1,0,1
Q5T292,1,0,0,1
P08779,1,1,1,3
P63241,0,1,0,1
P30510,1,0,0,1
Q04609,1,1,0,2
Q8WXB1,0,1,0,1
Q15257,1,0,0,1
P19440,1,0,0,1
G3XAI2,1,0,1,2
P60520,1,1,0,2
P29762,1,1,0,2
M9MML0,1,0,0,1
Q9NS15,1,1,0,2
Q9NZR2,1,1,1,3
X6RKN2,1,0,0,1
P14174,1,1,1,3
Q9Y2Z0,1,1,0,2
P08294,1,1,1,3
A0A0C4DH67,0,0,1,1
P01780,0,0,1,1
A0A1W2PQ94,0,0,1,1
Q86TA4,0,1,0,1
A0A087X1J7,0,0,1,1
P01613,1,0,0,1
Q9H9B4,1,0,0,1
P49411,1,0,0,1
P04207,1,0,0,1
P35237,0,1,0,1
H3BPK2,0,0,1,1
Q99442,1,1,0,2
Q8IV16,1,0,0,1
P00918,1,1,1,3
Q9Y3C6,1,0,0,1
A0A0B4J1Y9,0,0,1,1
Q8N0V5,0,1,0,1
Q9UI40,1,1,1,3
Q9P2W7,1,1,0,2
O14960,1,1,0,2
P05362,1,1,1,3
A8K2U0,0,1,0,1
D6R960,0,0,1,1
Q12765,1,1,0,2
F8W8W4,0,0,1,1
Q8WY21,1,1,1,3
P02818,1,1,0,2
A0A087WXS0,1,0,0,1
I3L0A1,0,0,1,1
A6NNC1,0,1,0,1
P53985,1,0,0,1
G3V4U0,1,0,1,2
O75581,1,1,0,2
P0DMQ5,1,0,1,2
Q5PR19,0,1,0,1
P49247,1,0,0,1
Q9H246,1,1,0,2
A0A087X240,0,0,1,1
P22897,1,1,1,3
Q6PJF5,1,0,0,1
P13284,1,1,0,2
Q06418,1,1,0,2
Q9H239,1,1,0,2
P02743,1,1,1,3
Q9UIW2,1,1,1,3
Q9NQ76,1,1,0,2
Q9H4G0,1,0,0,1
P15954,1,0,0,1
Q9BRP9,0,1,0,1
P13671,1,1,1,3
Q14126,1,1,1,3
P51687,1,0,0,1
P01178,1,1,0,2
P49006,1,1,1,3
H7C215,1,0,0,1
Q04756,1,1,0,2
Q9NY25,1,1,0,2
Q05639,1,0,0,1
O43612,1,1,0,2
A0A0C4DGI5,1,0,0,1
Q9Y653,1,1,1,3
O00584,0,1,0,1
Q8IUK8,1,1,1,3
P62745,1,0,0,1
Q15746,1,0,0,1
O00533,1,1,1,3
Q14324,1,0,0,1
P23381,1,0,0,1
P10451-5,0,0,1,1
F5H423,0,0,1,1
Q00872,1,0,0,1
P09488,1,0,0,1
H0YDJ3,0,0,1,1
P53396,1,0,0,1
Q9HCJ2,1,1,0,2
A0A087X2I1,1,0,0,1
A0A0B4J1U2,1,0,0,1
P13797,1,1,0,2
P13521,1,1,1,3
E7EWD3,1,0,1,2
Q9NZU1,1,1,1,3
P49773,1,1,0,2
Q96G03,1,0,0,1
P07197,1,1,0,2
Q4KMP7,1,0,0,1
O75354,1,1,0,2
P50453,1,1,0,2
O14793,1,1,1,3
P45880,1,0,0,1
Q15435,1,1,0,2
P0CG39,0,1,0,1
Q9Y6X5,1,1,1,3
Q04760,1,1,1,3
Q6P4F1,0,1,0,1
Q86V85,1,1,1,3
A0A087WXB8,1,0,1,2
P02100,1,0,1,2
P0C7U0,1,1,0,2
Q9UKX2,1,0,0,1
P54709,1,1,0,2
O00154,0,1,0,1
K7EIS2,0,0,1,1
Q5XG85,0,1,0,1
P00325,1,1,0,2
Q969E1,1,1,0,2
P01892,1,0,0,1
Q13510,1,1,0,2
A8MU27,1,0,0,1
P10645,1,1,1,3
Q6NX70,1,0,0,1
Q96BZ4,0,1,0,1
Q6UWH4,1,0,1,2
A0A087WTA8,0,0,1,1
P55107,1,1,0,2
Q8IWU5,1,1,1,3
O00233,1,1,0,2
Q9NT22,1,1,1,3
O94898,1,1,1,3
Q9P265,1,0,0,1
Q9NYI0,1,0,0,1
Q92729,1,1,0,2
A6NJR5,0,1,0,1
P33151,1,1,1,3
Q9H2E6,0,1,0,1
A0A087WZ82,0,0,1,1
P18065,1,1,1,3
Q9Y281,1,1,1,3
Q13509,1,1,0,2
Q9BRF8,1,1,0,2
P30874,1,0,0,1
A0A087X152,0,0,1,1
P02675,1,1,1,3
P42357,1,0,0,1
P37235,1,0,0,1
P78417,1,1,1,3
A0A286YEY5,0,0,1,1
E9PBY3,1,0,0,1
Q12983,1,0,0,1
Q9NR71,1,0,0,1
P55285,1,1,0,2
B8ZZE5,0,0,1,1
Q02747,1,1,0,2
G5EA09,1,0,0,1
A2NJV5,0,0,1,1
P58549,0,1,0,1
P58417,1,1,0,2
Q9H0W9,1,1,0,2
P48066,1,1,0,2
Q9UPR5,1,1,0,2
Q6UXH1,1,1,0,2
Q7Z6M3,1,1,0,2
O15466,1,1,1,3
P51149,1,1,0,2
Q9BRA2,1,1,1,3
P06744,0,1,0,1
Q9NY97,1,1,1,3
A0A087WSY4,0,0,1,1
P01911,0,1,0,1
O75363,1,1,0,2
Q96NJ1,0,1,0,1
Q5D862,1,1,1,3
K7EKL3,0,0,1,1
Q96C23,1,0,0,1
O95297,1,1,1,3
Q6ZVL8,0,1,0,1
P04424,1,0,0,1
P10253,1,1,1,3
Q8ND07,1,0,0,1
Q8WUM4,1,1,0,2
Q7Z7H5,1,1,1,3
Q9HCJ6,1,1,0,2
Q6UWN8,1,1,0,2
P52797,1,1,0,2
D6RI10,1,0,0,1
Q9BPY8,0,1,0,1
P27918,1,1,0,2
Q9H1E3,1,0,0,1
Q9UMY4,0,1,0,1
Q07092,1,1,0,2
Q9BY11,1,1,0,2
P02749,1,1,1,3
Q5JWF2,0,1,0,1
P04350,1,1,0,2
Q9Y2B0,0,1,0,1
Q09328,1,1,1,3
A0A1W2PR46,0,0,1,1
Q86VV8,0,1,0,1
Q6UVY6,1,1,1,3
P01601,0,0,1,1
B5MBX2,0,0,1,1
P19021,1,1,1,3
P49721,1,0,0,1
P26992,1,1,1,3
O75084,1,1,1,3
Q8NBL3,1,0,0,1
Q6QNK2,1,0,0,1
Q9ULF5,1,1,1,3
Q96GW7,1,1,1,3
Q504Y0,1,1,1,3
O00299,1,1,0,2
Q495W5,1,1,1,3
Q14432,0,1,0,1
P04430,0,0,1,1
P09651,1,0,0,1
E7EX17,1,0,0,1
H9KV31,0,0,1,1
P34741,1,1,0,2
Q9NZL9,1,0,0,1
Q96JF0,1,1,1,3
P13497,1,1,0,2
A0A0A0MT36,0,0,1,1
Q8N111,1,1,0,2
A6NL46,0,1,0,1
Q9H7M9,1,0,0,1
Q0VFX4,0,1,0,1
P31937,1,1,1,3
P02775,1,1,0,2
Q6UWY0,1,1,0,2
Q9NPA0,0,1,0,1
Q9H098,1,0,0,1
P63010,1,1,0,2
Q15848,1,1,1,3
P61916,1,1,0,2
P0DJI8,1,1,1,3
Q15846,0,1,0,1
C0HLV8,0,1,0,1
Q8TEA8,1,1,1,3
A0A0A0MT30,1,0,0,1
A0A075B6I1,0,0,1,1
P37840,1,1,0,2
O00264,1,1,1,3
P06681,1,1,1,3
P51511,1,0,0,1
P13473,1,1,1,3
Q9Y5H5,1,1,0,2
Q8IYD8,0,0,1,1
P36222,1,1,1,3
Q96A83,1,1,0,2
Q9UGN4,1,1,0,2
P37837,1,1,1,3
Q9NZV1,1,1,0,2
Q99784,1,1,1,3
Q9UQ53,0,1,0,1
Q92876,1,1,1,3
Q9Y4C0,1,1,0,2
P14927,1,0,0,1
P13591,1,1,1,3
Q969Y0,1,0,0,1
Q10567,1,1,0,2
Q7L0X0,1,1,1,3
P01303,1,1,1,3
A0A0B4J231,0,0,1,1
Q6UXI9,0,1,0,1
Q9P1W8,0,0,1,1
Q86XX4,1,1,0,2
P18669,1,1,1,3
A0A087WVV2,0,0,1,1
Q13555,1,1,0,2
Q00610,0,1,0,1
Q8IZJ1,1,1,0,2
Q8TDQ0,1,1,0,2
P23229,1,1,0,2
Q6ZSA8,0,1,0,1
P35321,0,1,0,1
Q16363,0,1,0,1
Q9UBX5,0,1,0,1
P22103,0,1,0,1
P02763,1,1,1,3
Q96DG6,1,0,0,1
O15230,1,1,1,3
P61204,1,0,0,1
P61328,1,0,0,1
Q9BW30,1,1,1,3
P08133,1,1,0,2
P05386,1,0,0,1
P07333,1,1,0,2
P15260,1,1,0,2
Q6ISS4,1,0,0,1
P10809,1,1,0,2
Q86WK6,0,1,0,1
P05026,1,1,1,3
Q06481,1,1,1,3
P60201,1,1,0,2
Q86TY3,1,0,1,2
Q6P2H3,1,0,0,1
Q9H169,0,1,0,1
Q15262,0,1,0,1
Q9Y5Z4,1,1,0,2
Q8NHG7,1,1,0,2
P01602,0,0,1,1
Q15768,1,1,1,3
P35232,1,0,0,1
P47893,1,0,0,1
Q7Z5L7,1,1,1,3
P02748,1,1,1,3
H3BRQ4,0,0,1,1
P22455,1,0,0,1
Q9UGT4,1,1,0,2
P05062,1,1,0,2
O00238,1,0,0,1
P16401,1,0,0,1
P55263,1,0,0,1
Q9H5Y7,1,1,1,3
P69905,1,0,1,2
P30533,1,1,0,2
O75369,1,0,0,1
P15086,1,1,1,3
P51693,1,1,0,2
Q8NBP0,0,1,0,1
Q6ZSV7,0,1,0,1
U3KQK0,1,0,0,1
Q9HA64,1,0,0,1
F8VYK9,1,0,0,1
Q14315,1,1,1,3
Q5JXA9,1,1,0,2
Q8NC44,1,0,0,1
Q9Y5W5,1,1,0,2
P25325,1,0,0,1
O60243,1,1,1,3
P25713,1,1,0,2
P06280,1,1,0,2
P52799,1,1,1,3
D6RGW2,1,0,1,2
Q9GZP4,1,1,1,3
P11766,1,0,0,1
Q8NES3,1,1,1,3
E9PLK3,0,0,1,1
P01031,1,1,1,3
P20916,1,1,1,3
A0A0A0MRJ7,1,0,1,2
B7Z5R6,0,0,1,1
P18124,1,0,0,1
Q8IYS5,0,1,0,1
F6SYF8,1,0,1,2
Q6ZRG5,0,1,0,1
Q8NFZ8,1,1,1,3
Q8N6K4,0,1,0,1
P24821,1,1,0,2
K7ENZ5,1,0,0,1
P55001,1,1,0,2
P01236,0,1,0,1
Q16581,0,0,1,1
P01024,1,1,1,3
Q13409,1,1,0,2
A0A0A0MT32,0,0,1,1
Q8NBS9,1,1,0,2
Q6DN03,1,0,0,1
P30084,1,0,0,1
P02768,1,1,1,3
P00747,1,1,1,3
Q8N9P0,0,1,0,1
F8W9L4,0,0,1,1
Q9BQ16,1,1,1,3
P04233,1,1,0,2
X6R8A1,1,0,0,1
O60512,1,1,1,3
P29508,1,1,0,2
Q9BT09,1,1,0,2
O14594,1,1,1,3
C9J2B6,1,0,0,1
B7WPA5,1,0,0,1
Q14247,1,0,0,1
Q9NPG1,1,0,0,1
A2RU67,1,1,1,3
Q8NHJ6,0,1,0,1
Q9UHC6,1,1,1,3
Q13873,1,1,0,2
A6NCE7,1,1,1,3
Q96BY9,0,1,0,1
Q9NPD7,0,1,0,1
Q9Y6C2,0,1,1,2
Q9UDY4,1,0,0,1
J3QQR8,0,0,1,1
Q9NRV9,1,1,0,2
Q7Z3B1,1,1,1,3
P48735,1,0,0,1
Q9H2A7,1,1,1,3
H7BYR8,1,0,0,1
Q9H3K6,1,1,0,2
P04156,1,1,0,2
P01130,0,1,0,1
P28482,1,1,0,2
A6NNI4,0,0,1,1
Q8N9I0,1,1,1,3
Q9H0Q3,1,0,0,1
P10916,1,0,0,1
Q86VB7,1,1,0,2
Q6UXK2,1,1,1,3
Q08334,0,1,0,1
A0A087WXE9,0,0,1,1
P25189,1,1,1,3
A6PVN5,0,0,1,1
P0CG47,0,1,0,1
P08697,1,1,1,3
P10321,0,1,0,1
Q9Y2J0,1,1,0,2
Q9C0E8,1,0,0,1
A0A087X0D5,0,0,1,1
O00754,1,1,1,3
Q9BVC6,1,0,0,1
Q9NQ66,1,0,0,1
B1AJR6,0,0,1,1
P21281,1,1,0,2
Q9NYX4,1,1,1,3
P27037,1,1,0,2
P07954,1,0,0,1
A0A087WTA1,0,0,1,1
P20036,1,1,0,2
A8MZ25,0,1,0,1
H0Y474,1,0,0,1
P98160,1,1,1,3
Q9NWD8,1,1,0,2
O75752,1,1,1,3
P27348,1,1,1,3
P08572,1,1,1,3
Q9HCY8,1,1,0,2
A0A075B6I0,0,0,1,1
Q02413,1,1,1,3
J3KN66,1,0,0,1
E7ETB3,1,0,0,1
O14994,1,0,0,1
P05155,1,1,1,3
P25311,1,1,1,3
P01877,1,0,0,1
P07203,1,0,0,1
Q06323,1,0,0,1
Q9H1C7,0,1,0,1
H0Y449,1,0,0,1
Q7Z5A7,1,0,0,1
A0A0J9YY99,0,0,1,1
Q9UK28,1,1,0,2
P19827,1,1,1,3
Q9BZ76,1,1,0,2
O75078,1,1,0,2
K4DIA0,1,0,1,2
P78509,0,1,1,2
P31151,1,1,1,3
P08949,1,1,0,2
A0A0G2JLV7,0,0,1,1
Q9NPH3,1,1,1,3
O43493,1,1,0,2
A0A087WXL1,1,0,0,1
P08670,1,1,1,3
Q9BZM5,1,1,0,2
P78380,1,1,0,2
O43567,1,1,0,2
O75976,1,1,1,3
P12110,1,1,1,3
Q9Y3C8,1,0,0,1
Q9ULL4,1,1,0,2
P49441,0,1,0,1
Q96QV1,1,1,0,2
Q12913,0,1,0,1
O95631,1,0,0,1
P17643,1,0,0,1
P12883,1,0,0,1
Q9HC38-2,0,0,1,1
Q7Z6G3,1,0,0,1
H0YM81,1,0,0,1
P49788,1,1,0,2
B4DPQ0,1,0,1,2
O76011,0,1,0,1
P78559,0,1,0,1
D3DSM0,1,0,0,1
P04179,0,1,1,2
P27816,0,1,0,1
P01042,1,1,1,3
P62701,1,0,0,1
P35612,1,0,0,1
Q53EL9,1,1,1,3
A0A087WU43,0,0,1,1
A0A087X1V2,1,0,1,2
Q5SPY9,1,0,1,2
P01768,0,0,1,1
P0DJI9,1,0,0,1
X6R3P0,1,0,0,1
P63261,0,1,0,1
Q8NCW5,1,0,0,1
Q9BZV3,1,1,0,2
P0DP24,0,1,0,1
O94991,1,1,1,3
P08887,1,1,0,2
A0A087WTF7,1,0,0,1
P20062,1,1,0,2
Q16563,1,0,0,1
P07998,1,1,1,3
G3V295,0,0,1,1
Q9Y6Y8,0,0,1,1
Q96ID5,1,1,1,3
Q9UKB5,1,1,1,3
Q8TDX6,1,0,0,1
P10114,1,0,0,1
P36269,1,1,1,3
O14917,1,1,1,3
J3KNE3,0,0,1,1
P24855,1,1,0,2
Q6P087,1,0,0,1
P04114,1,1,1,3
Q92542,1,1,1,3
Q08043,1,0,0,1
O15204,0,1,1,2
Q96QE2,1,1,0,2
O00300,1,1,0,2
P63167,0,1,1,2
Q86XR7,1,0,0,1
Q9HCE0,1,0,0,1
P10636-2,0,0,1,1
E9PNQ8,1,0,0,1
Q11201,0,1,0,1
B4DDJ5,1,0,0,1
P46020,0,1,0,1
P04844,1,1,0,2
P01037,1,1,0,2
E9PKP3,1,0,1,2
P14618,1,1,1,3
F8W031,1,0,0,1
P02452,1,1,1,3
P04217-2,0,0,1,1
P78410,1,0,0,1
O76031,1,0,0,1
A0A087WWV8,1,0,0,1
P01859,1,0,1,2
Q8NC96,1,1,0,2
H0Y8C3,1,0,0,1
Q6ZWC4,0,1,0,1
K7ENA4,0,0,1,1
P62906,1,0,0,1
A0A087WSW9,0,0,1,1
Q86T29,1,1,0,2
P68032,1,0,0,1
Q14974,1,0,0,1
P0DMU3,0,1,0,1
P50395,1,1,1,3
Q9Y5E5,0,1,0,1
Q96DR8,1,0,0,1
O60245,1,1,1,3
Q96KN2,1,1,1,3
Q9NQ36,1,1,0,2
P07237,1,1,1,3
Q96PD5,1,1,1,3
Q2TAA2,0,1,0,1
O60241,1,1,0,2
P04440,1,1,0,2
Q9N2J8,0,1,0,1
Q9UF33,0,1,0,1
P12107,1,1,1,3
Q96A00,0,1,0,1
O14810,1,1,0,2
P08236,1,1,0,2
Q9UBS4,1,1,0,2
P26842,1,0,0,1
Q16650,1,0,0,1
A0A0A0MT22,1,0,0,1
Q14108,1,1,0,2
P84157-2,0,0,1,1
Q9UIK5,1,1,0,2
O14773,1,1,1,3
Q13093,1,0,1,2
Q9BUD6,1,1,1,3
A0A0A0MTM6,1,0,0,1
Q15043,1,1,0,2
O14668,1,1,0,2
O15354,1,1,1,3
P30046,0,1,0,1
P11177,1,0,0,1
K7EMN4,1,0,0,1
Q16853,1,1,1,3
P04899,1,0,0,1
Q08554,1,1,1,3
O75015,0,1,0,1
P46109,1,1,0,2
P07910,1,0,0,1
P43146,1,1,0,2
P25786,1,1,1,3
P01624,0,0,1,1
Q9ULB5,1,1,0,2
Q5W150,0,1,0,1
P15502,0,1,0,1
F7VJQ1,0,1,0,1
Q16643,0,1,0,1
O14656,0,1,0,1
B4DGQ7,0,0,1,1
Q13228,1,1,1,3
P78357,0,1,0,1
P80404,0,1,0,1
Q5VW32,1,0,0,1
Q9Y624,1,1,0,2
Q9UPA5,1,0,0,1
Q5ZPR3,1,1,0,2
B1AP13,0,0,1,1
P04217,1,1,0,2
P78552,1,1,0,2
O94985,1,1,1,3
A0A087X1T7,0,0,1,1
E7EN28,0,0,1,1
P01034,1,1,1,3
Q8NAQ8,0,1,0,1
Q96TC7,1,1,0,2
P54826,1,1,0,2
G3V3X5,0,0,1,1
Q8NI22,1,1,1,3
P09471,1,1,0,2
Q9NPH0,0,1,1,2
P35443,1,1,1,3
Q9H2X8,1,0,0,1
P13639,1,1,0,2
Q6PCB0,1,1,1,3
A0A075B7B8,1,0,1,2
D6RJG0,0,0,1,1
P11166,1,0,0,1
Q13219,1,1,0,2
P12272,1,1,0,2
P13760,1,0,1,2
A0A0B4J1Y8,0,0,1,1
Q9NS62,0,1,0,1
M0R009,0,0,1,1
P55010,0,1,0,1
P21554,1,1,0,2
P43251,1,1,1,3
Q63HQ2,1,1,0,2
P01700,0,0,1,1
Q96PZ7,0,1,0,1
A6NFX8,1,0,1,2
A0A0G2JLB3,0,0,1,1
J3KNC5,0,0,1,1
Q86WV1,1,0,0,1
Q9NZ72,1,1,0,2
Q9UK55,0,1,0,1
Q9UBX7,1,1,0,2
P55286,1,1,0,2
H7BYR4,1,0,0,1
P11047,1,1,1,3
Q6EMK4,1,1,1,3
Q00169,0,1,0,1
Q99944,0,1,0,1
P17927,0,1,0,1
P51858,1,0,0,1
Q08188,1,1,0,2
P84074,0,1,0,1
Q8WYK1,1,1,1,3
H3BM42,0,0,1,1
P07305,1,0,0,1
B5MCX6,0,0,1,1
P30048,1,1,1,3
Q8N6G6,1,1,0,2
P47972,1,1,1,3
P22748,1,1,1,3
O94772,1,1,1,3
Q13526,1,0,0,1
Q86SR1,1,1,1,3
P15531,1,1,1,3
Q9Y5E4,1,1,0,2
Q9H3S1,1,1,0,2
M0QZK8,0,0,1,1
H0YAC1,1,0,1,2
Q5T848,1,1,1,3
Q07021,1,0,0,1
D6RGG3,0,0,1,1
P02730,1,0,0,1
Q9BYE3,0,1,0,1
Q13438,0,1,0,1
Q4G0I0,1,0,0,1
O75223,1,1,0,2
P19320,1,1,1,3
Q99988,1,0,0,1
P50991,1,0,0,1
Q7Z553,1,1,0,2
Q9NWM8,0,1,0,1
O43570,1,1,0,2
P19823,1,1,1,3
P55000,0,1,0,1
P35080,1,1,0,2
B7Z2R4,1,0,1,2
C9J2H1,1,0,1,2
P00338,1,1,1,3
P08519,1,1,0,2
P13929,1,0,0,1
P12235,1,0,0,1
O15455,1,0,0,1
P00915,1,1,1,3
P80723,1,1,1,3
Q9BWD1,1,1,0,2
P23634,1,0,0,1
Q92896,1,1,0,2
P29218,1,1,0,2
Q16186,1,0,0,1
P04839,1,0,0,1
P07711,1,1,1,3
A0A0G2JMC9,0,0,1,1
P08833,1,1,0,2
Q86VP6,1,1,0,2
Q5VSG8,1,1,1,3
Q8NI17,0,0,1,1
Q9NR99,1,1,0,2
Q8WX77,1,1,0,2
P21291,1,1,0,2
P62081,1,0,0,1
P62993,1,1,1,3
H0YEX9,0,0,1,1
O95428,1,1,1,3
Q9NRN5,1,1,1,3
Q14696,1,0,1,2
P36955,1,1,1,3
P04070,1,1,0,2
P30050,1,0,0,1
F5GWQ8,1,0,1,2
Q6ZVU0,0,1,0,1
Q96P63,1,1,0,2
Q96MT0,0,1,0,1
Q9UMF0,1,1,1,3
P0C880,0,1,0,1
Q9H4D0,1,1,1,3
Q9Y266,1,1,0,2
Q86SJ2,1,1,0,2
Q14DG7,1,1,1,3
Q16881,1,1,0,2
Q15459,1,1,1,3
P15374,1,0,0,1
Q9NR34,1,1,1,3
P43003,1,0,0,1
P24298,1,0,0,1
Q9UNZ2,1,1,0,2
H7C5W3,1,0,0,1
Q99972,1,1,1,3
O60883,1,1,1,3
P09429,1,0,0,1
Q496H8,1,1,0,2
Q96S82,0,1,0,1
P36873,0,1,0,1
Q7Z6Z7,1,0,0,1
P08123,1,1,0,2
P49257,1,1,1,3
Q9UJH8,1,1,1,3
E7EQB2,0,0,1,1
Q9NQX7,1,1,0,2
P12318,1,1,1,3
Q16832,1,1,0,2
P03973,1,1,0,2
A2A3C1,0,0,1,1
Q4V9L6,1,0,0,1
A0A075B6H9,0,0,1,1
K7ES70,1,0,1,2
Q8TD84,1,1,0,2
P01742,0,0,1,1
P60033,0,1,0,1
F5GZN3,0,0,1,1
P13533,1,0,0,1
P31939,1,0,0,1
A0A087WVM2,1,0,0,1
P35052,1,1,1,3
Q6WRI0,0,1,0,1
A0A096LP55,1,0,0,1
P00492,1,1,1,3
G8JLB6,1,0,0,1
A0A0A6YY94,1,0,0,1
Q9UF83,0,1,0,1
Q9H3S3,1,1,0,2
O95433,1,0,0,1
Q6UW01,1,1,1,3
O60884,1,0,0,1
Q03167,1,1,1,3
Q9H0R8,1,0,0,1
Q9NZN1,1,1,0,2
Q9UL51,1,1,0,2
P10646,1,1,0,2
Q13231,1,1,1,3
Q8NCH0,0,0,1,1
A0A0A0MSQ0,0,0,1,1
Q14571,0,0,1,1
A8MZH3,0,0,1,1
Q02818,1,1,1,3
A0A0C4DG17,1,0,0,1
P61981,1,1,1,3
Q9BWQ8,1,1,0,2
Q86SF2,1,1,1,3
P08237,1,0,0,1
Q9H772,0,1,0,1
Q9HB71,1,1,0,2
Q8N8Z6,1,0,0,1
Q9ULX5,1,0,0,1
P63313,0,1,0,1
P08582,1,0,1,2
Q9BXR6,0,1,0,1
Q5SGD2,1,1,0,2
P12882,1,0,0,1
A0A0B4J1T8,1,0,0,1
Q92598,1,0,0,1
Q8TAM6,1,0,0,1
Q9UBG0,1,1,1,3
O43323,1,1,0,2
A0A0G2JQ91,0,0,1,1
R4GMM8,1,0,0,1
P51572,1,0,0,1
P30626,1,0,0,1
P49184,1,1,0,2
Q9NZD4,1,0,0,1
P19835,0,1,1,2
Q9NY72,1,1,0,2
P30049,1,0,0,1
P27824,1,1,1,3
Q9GIY3,1,0,0,1
M0R1Q1,0,0,1,1
Q5VWQ8,0,1,0,1
O43827,1,1,1,3
P08571,1,1,1,3
P20472,1,1,0,2
P36888,1,0,0,1
A0A087WUZ3,1,0,0,1
Q8IYJ0,1,1,0,2
B5MBZ8,0,0,1,1
Q15256,1,1,1,3
P28907,0,1,0,1
O00585,0,1,0,1
P01213,1,1,1,3
P02654,1,1,0,2
Q9BXX0,1,1,0,2
P30038,0,1,0,1
Q70JA7,1,1,0,2
P50213,1,0,0,1
F8WDW9,0,0,1,1
Q8IZS8,1,1,1,3
B1ALD9,0,0,1,1
Q14210,1,1,0,2
Q96DA0,1,0,0,1
P02647,1,1,1,3
P24593,1,1,1,3
Q16674,1,1,1,3
P54652,1,1,0,2
Q6UX73,1,1,0,2
Q8N339,0,1,0,1
P22735,1,1,0,2
P01215,0,1,0,1
P16157,1,0,0,1
P42658,1,1,0,2
P15151,0,1,0,1
Q9NRB3,1,1,1,3
M0R2A0,1,0,0,1
P05937,1,1,1,3
Q8WWY7,1,1,0,2
Q9BXJ0,1,1,1,3
P24592,1,1,1,3
Q14596,1,1,0,2
O43813,1,0,0,1
P31946,1,1,1,3
Q96JJ7,1,0,0,1
O75629,1,1,0,2
Q16790,1,0,0,1
Q01973,1,1,0,2
A0A0B4J1V2,0,0,1,1
Q16555,1,1,0,2
B3KTY4,0,0,1,1
P30479,0,0,1,1
Q6UWR7,1,1,1,3
P63000,1,1,0,2
A0A0A6YY99,0,0,1,1
O60486,1,1,0,2
Q8IUX7,1,1,1,3
P11362,1,1,1,3
H0Y4H1,1,0,1,2
Q92743,1,1,1,3
Q96A32,1,0,0,1
C9J8T4,0,0,1,1
P07585,1,1,1,3
Q96B86,0,1,0,1
Q99075,1,0,0,1
O00115,1,1,0,2
Q9ULH4,1,1,0,2
P04626,1,0,0,1
Q15818,1,1,1,3
Q96MU8,1,1,1,3
Q15274,1,0,0,1
P17987,1,0,0,1
E9PCD7,0,0,1,1
P21453,1,1,0,2
Q9UBN6,1,0,0,1
P15151-2,0,0,1,1
O75051,1,1,1,3
P17931,1,1,1,3
Q01995,1,1,1,3
P19961,1,1,1,3
Q9H3T3,1,1,1,3
P55809,1,0,0,1
Q13217,1,1,1,3
K7ELW0,0,0,1,1
Q9Y5G8,1,0,0,1
P20382,1,1,1,3
Q96IU4,1,1,1,3
P01767,1,0,0,1
Q5VV63,1,1,0,2
P50990,1,0,0,1
I3L3R5,1,1,1,3
P05156,0,1,0,1
P33908,1,1,1,3
A0A087X1Z2,0,0,1,1
P07148,1,1,0,2
A0A0A0MS64,1,0,0,1
Q01151,1,1,0,2
O43909,0,1,1,2
Q10469,1,1,1,3
Q8WXD2-2,0,0,1,1
P16278,1,1,0,2
O43426,0,1,0,1
P01717,1,0,1,2
Q969Z4,1,1,1,3
Q9H4F8,1,1,1,3
Q08397,1,0,0,1
O94779,1,1,0,2
O00534,0,1,0,1
P54762,1,1,0,2
P48506,1,0,0,1
P11684,1,1,0,2
A0A0B4J1S4,1,0,0,1
A8MVM7,0,1,0,1
Q9NY56,1,1,0,2
X6R868,1,0,0,1
Q13519,1,1,0,2
Q9P121-4,0,0,1,1
A0A087X089,0,0,1,1
A0A0A0MQU6,1,0,1,2
Q9GZU1,1,0,0,1
Q8N474,1,1,0,2
Q86TE4,1,1,0,2
A0A0C4DG90,0,0,1,1
A6NCL7,1,0,0,1
P62857,1,0,0,1
P21926,0,1,0,1
Q9P244,0,1,0,1
P28066,1,1,0,2
Q86XS8,0,1,0,1
P07225,1,1,1,3
Q9UKU9,1,1,1,3
Q5VYB9,0,0,1,1
P98155,1,1,0,2
Q9ULB1,1,1,0,2
P59998,1,0,0,1
Q14767,1,1,0,2
H3BRN4,1,0,0,1
Q13740,1,1,1,3
P34096,1,1,1,3
Q08174-2,0,0,1,1
P48147,1,1,1,3
P13761,1,0,0,1
O60353,1,0,0,1
P61960,1,1,0,2
P16562,1,0,0,1
P15104,1,1,0,2
Q6P995,1,0,0,1
P36578,1,0,0,1
Q7Z4R8,1,1,0,2
P13646,1,0,0,1
A8MTW9,0,1,0,1
A0A0C4DH35,1,0,1,2
P27635,1,0,0,1
P05060,1,1,1,3
Q9BS26,1,1,1,3
O75426,1,0,0,1
Q8N149,1,1,0,2
A0A087WTT2,1,0,0,1
Q9GZM5,0,1,0,1
P08185,1,1,1,3
P01042-2,0,0,1,1
P57721,0,1,0,1
P07196,1,1,1,3
O95490,1,1,0,2
Q6UX15,1,1,0,2
A0A087WW96,1,0,0,1
Q8N9L7,0,1,0,1
P03950,1,1,1,3
P14314,0,1,0,1
E9PFZ2,1,0,0,1
P09622,1,1,0,2
P14415,1,1,0,2
O60911,1,1,0,2
E7EPK1,1,0,0,1
Q9Y490,1,0,1,2
Q53RT3,1,1,1,3
P01033,1,1,1,3
Q15907,1,1,0,2
H7C2F2,1,0,1,2
P06733,1,1,1,3
P02746,1,1,0,2
Q14240,0,1,0,1
P48551,1,1,0,2
P01040,1,1,0,2
P12277,1,1,1,3
Q8WVV4,1,1,0,2
Q9H1Z8,1,0,0,1
D6RF35,1,0,1,2
Q8NBJ4,1,1,1,3
P55259,0,1,0,1
Q9NTN9,1,1,0,2
O75955,1,0,0,1
Q9P2U7,1,0,0,1
P04278,1,1,0,2
Q8TAB3,1,1,1,3
P01920,1,1,0,2
P55056,1,0,0,1
Q9Y646,1,1,1,3
H3BMD8,1,0,0,1
P49768,1,1,0,2
Q07075,1,1,0,2
Q04771,1,1,0,2
B4DHN5,0,0,1,1
Q9H7C9,0,1,0,1
Q9Y3D6,0,1,0,1
Q86X29,1,1,1,3
P55786,1,1,0,2
P01258,0,1,1,2
Q5I0G2,1,0,0,1
J3KNB4,1,0,0,1
Q9BXN2,1,0,0,1
Q9NT99,1,1,1,3
A0A0C4DH73,0,0,1,1
Q92597,1,1,0,2
Q9ULU8,1,0,0,1
P26572,1,1,1,3
Q3KPI9,1,0,0,1
Q8WZA1,1,1,1,3
P04155,1,0,0,1
Q8N3T1,1,1,0,2
P04062,1,0,0,1
P13647,1,1,1,3
Q6NUJ2,1,1,1,3
Q9HC56,1,1,0,2
P08253,1,1,1,3
Q86UN3,1,1,1,3
K7ER15,0,0,1,1
Q99983,1,1,1,3
A0A0G2JPR0,0,0,1,1
Q9HCU4,1,1,1,3
Q9H2X9,1,1,0,2
P16284,1,1,0,2
P11908,0,1,0,1
P01591,1,0,0,1
P42126,1,0,0,1
A0A096LP77,1,0,0,1
Q9Y227,1,1,0,2
P20933,1,1,1,3
Q13214,1,1,0,2
Q14982,1,1,1,3
Q96MK3,1,1,1,3
Q9BQG1,1,1,0,2
O14745,1,1,1,3
F8W876,0,0,1,1
Q9BUN1,1,0,1,2
P29400,1,0,0,1
O94973,1,1,0,2
D6RF20,1,0,0,1
Q16769,1,0,1,2
Q15493,1,1,0,2
P61626,1,0,0,1
H0YLF3,1,0,1,2
Q16394,1,1,1,3
Q16543,1,1,0,2
P07437,1,1,0,2
P62851,1,0,0,1
H7BZT7,0,0,1,1
P14324,1,1,1,3
P22528,1,0,0,1
E7EUC7,1,0,0,1
E5RJD8,1,0,0,1
P10643,1,1,1,3
O60667,0,1,0,1
Q9NS98,1,1,1,3
P36941,1,0,0,1
A0A087WX77,1,0,0,1
P35625,1,0,0,1
Q5Y7A7,1,0,0,1
A2A274,1,0,0,1
P31689,1,1,0,2
P35579,1,1,0,2
Q16827,1,1,0,2
A6NGN9,1,1,1,3
O95390,1,1,0,2
Q5T013,1,1,0,2
E9PCR7,1,0,0,1
F5GZS6,0,0,1,1
O14764,1,0,0,1
Q9Y6L7,0,1,0,1
Q16799,1,1,1,3
P08138,1,1,0,2
Q6UY14,1,1,0,2
Q9HAR2,0,1,0,1
P62937,1,0,1,2
E9PL57,1,0,0,1
Q9UNK0,1,1,0,2
Q8N3U1,0,1,0,1
Q96FW1,0,1,0,1
Q6ZVH6,0,1,0,1
P07492-2,0,0,1,1
Q9UBX1,1,1,1,3
A8MUU9,0,1,0,1
Q8NBK3,1,1,0,2
Q9UQ80,1,0,0,1
Q9UKR3,1,0,0,1
Q6PK18,1,1,0,2
Q10588,0,1,0,1
Q8NFL0,0,1,0,1
Q13444,1,1,1,3
Q86Y22,1,1,0,2
P62873,1,1,0,2
Q02952,1,1,1,3
Q9NZ01,1,0,0,1
Q01469,1,1,1,3
O15145,0,1,0,1
Q8N814,0,1,0,1
B9A064,0,1,0,1
Q6IBS0,1,1,0,2
P07320,1,1,0,2
E7EQR8,1,0,0,1
A0A0B4J1U3,0,0,1,1
Q6ZS49,0,1,0,1
P02790,1,1,1,3
Q9UNN8,1,1,1,3
O15394,1,1,0,2
P01148,0,1,0,1
O95159,1,1,0,2
Q9NPG4,1,1,1,3
P21796,1,0,0,1
P01625,1,0,0,1
O95274,1,0,0,1
P84098,1,0,0,1
Q96J42,0,1,0,1
A0A1W2PR05,0,0,1,1
E5RIM7,1,0,0,1
Q8N987,1,0,0,1
D6REA1,0,0,1,1
P20396,1,1,0,2
P13987,0,1,0,1
Q92932,1,1,1,3
P17181,1,1,0,2
A0A075B6K4,0,0,1,1
Q9P2S2,1,1,0,2
G3V180,1,0,0,1
O95185,1,1,0,2
D6RFM1,0,0,1,1
Q9GZP1,1,1,0,2
P78539,1,1,1,3
A0A0A0MS13,1,0,0,1
Q76LX8,0,1,0,1
A0A087WXW9,1,0,1,2
P07195,1,1,1,3
Q8IY22,0,1,0,1
P20138,1,1,1,3
Q8N3T6,1,1,1,3
A0A075B7D0,0,0,1,1
A0A0G2JIW1,0,0,1,1
A7MBM2,1,0,0,1
Q16851,0,1,0,1
P13598,1,1,0,2
O75083,1,1,1,3
Q6UWY5,1,1,0,2
F6RH32,1,0,0,1
Q8IZ52,1,1,0,2
Q9BVA1,0,1,0,1
P84996,0,1,0,1
A0A075B6P5,0,0,1,1
P02786,1,1,0,2
E7EPA6,1,0,0,1
P51688,1,1,1,3
P05019,1,1,0,2
P00740,1,1,1,3
Q14257,1,1,1,3
Q13508,1,1,1,3
P08107,1,0,0,1
Q9NY15,1,1,1,3
P09172,1,1,1,3
Q5TFQ8,0,1,0,1
P00450,1,1,1,3
Q7Z407,0,1,0,1
Q7L985,1,1,0,2
O60844,1,1,0,2
O95479,0,0,1,1
I3L0N3,0,0,1,1
P07307,0,1,0,1
P05091,1,0,0,1
Q15056,1,0,0,1
P04843,1,0,0,1
A0A0A0MSD0,1,0,0,1
Q8N2S1,1,1,0,2
P30531,1,1,0,2
O94910,1,1,1,3
P01858,0,1,0,1
Q96LR4,1,0,0,1
A6NCT7,0,0,1,1
P82987,1,1,0,2
P54764,1,1,0,2
Q9UKQ2,1,1,0,2
A0A087WV17,1,0,1,2
Q15198,0,1,0,1
Q5DX21,0,1,0,1
P61247,1,0,0,1
A0A0D9SF30,0,0,1,1
Q2MJR0,0,1,0,1
O94933,1,1,1,3
O95782,1,1,0,2
F5GWE5,0,0,1,1
P53041,1,1,0,2
Q9NZJ5,0,1,0,1
Q5VSD8,0,1,0,1
Q8N7P7,0,1,0,1
P09228,1,0,0,1
E9PFU5,1,0,0,1
O95841,1,1,1,3
Q08431,1,1,0,2
P02462,1,1,1,3
Q15154,1,1,0,2
J3KQG3,1,0,1,2
P48058,1,1,0,2
Q9H4M9,0,1,0,1
P08254,1,1,0,2
Q5BIV9,1,1,1,3
B1ALU1,1,0,0,1
P22234,1,0,0,1
Q9Y2C2,1,1,0,2
P08758,1,1,1,3
A8MUN3,0,1,0,1
K7EKU3,1,0,0,1
Q15303,1,1,0,2
Q9Y5X9,0,1,0,1
P10599,1,1,1,3
P00533,1,1,1,3
P54289,1,1,1,3
Q7L0J3,1,1,0,2
Q12907,1,1,1,3
P20827,1,1,1,3
Q9Y5Y7,1,1,1,3
L7N2F9,1,0,0,1
Q9BXP8,1,1,1,3
Q9UK23,1,1,0,2
O75023,1,0,0,1
Q6ZSJ9,1,1,1,3
Q9HB63,0,1,0,1
Q9H444,1,0,0,1
P40926,1,1,1,3
Q58EX2,1,1,0,2
A0A087WZR4,0,0,1,1
Q14914,1,0,0,1
Q9Y275,1,1,0,2
Q9ULC0,1,0,0,1
Q8IU85,1,0,0,1
P01282,1,1,1,3
B1AN99,0,0,1,1
P23582,1,1,1,3
P00751,0,1,0,1
P31944,1,1,1,3
P0C0L5,1,1,1,3
O60259,1,0,0,1
B4DYV8,0,0,1,1
H3BPK3,0,0,1,1
Q9BR76,0,1,0,1
P62269,1,0,0,1
P16949,1,1,0,2
P04439,0,1,0,1
Q15555,1,0,0,1
A0A087WWT2,1,0,1,2
A0A096LPE2,1,0,0,1
O95674,1,0,0,1
P22307,0,1,0,1
P78310,1,1,1,3
A0A0A0MTQ4,1,0,1,2
Q8N0W4,1,1,0,2
O43240,0,1,0,1
Q9P2K2,0,1,0,1
B1AJQ6,0,0,1,1
P03951,1,1,0,2
Q7LBX6,1,0,0,1
O95967,1,1,1,3
A0A075B6N7,1,0,0,1
P29972,0,1,0,1
Q8N3D4,1,1,0,2
Q9Y5H0,0,1,0,1
A0A0D9SFP6,0,0,1,1
P04208,1,0,0,1
P37173,1,1,1,3
P23297,0,1,0,1
P40123,1,1,0,2
Q9UHF0,1,1,1,3
E9PC84,0,0,1,1
Q504Y2,0,1,1,2
Q9Y561,1,0,0,1
P38571,1,1,0,2
Q9BYE4,0,1,0,1
P10909,1,1,1,3
P30101,1,1,1,3
P49961,1,0,0,1
Q9UBQ6,1,1,1,3
P17600,1,1,0,2
Q9Y6Q6,1,0,0,1
P61970,1,1,0,2
P56159,1,1,1,3
A0A087WUM0,0,0,1,1
O60476,1,1,1,3
Q8WVN6,1,1,0,2
Q5BKY6,0,1,0,1
Q12805,1,1,0,2
O00560,0,1,0,1
F5GY80,0,0,1,1
P48668,1,0,0,1
Q96S96,1,1,1,3
Q9UNW1,1,1,1,3
Q9NQS3,1,0,1,2
P10153,1,1,1,3
Q8N729,1,1,0,2
P68366,1,1,0,2
P11597,1,1,1,3
P29122,1,1,0,2
D6R956,0,0,1,1
Q9P2K9,1,0,0,1
I3L504,1,0,0,1
O14576,1,1,0,2
P02649,1,1,1,3
P02585,1,0,0,1
Q8N7P1,1,1,0,2
E9PDN6,1,0,0,1
J3KSJ8,0,0,1,1
Q15582,1,1,1,3
Q9HDC9,1,1,0,2
F5GX83,0,0,1,1
O43790,1,1,0,2
Q9NPR2,0,1,0,1
P25686,1,1,0,2
P10586,1,1,1,3
Q9UI42,1,1,0,2
B7ZKJ3,1,0,0,1
P05534,1,0,1,2
P27930,1,0,0,1
Q71U36,1,1,0,2
Q8IXB1,0,1,0,1
G5E968,0,0,1,1
P30711,1,0,0,1
P23471,1,1,1,3
X6RKS3,1,0,0,1
P52943,1,1,0,2
Q96AP7,1,1,0,2
Q96CW9,1,1,0,2
P15291,1,1,1,3
Q6P4A8,1,0,0,1
Q05996,1,1,1,3
Q14699,1,0,0,1
Q9BQR3,0,1,0,1
Q5T6V5,1,1,0,2
H0Y7C8,0,0,1,1
P21333,1,1,1,3
Q16653,1,1,0,2
Q8N402,0,1,0,1
P48740,1,1,1,3
P35609,1,0,0,1
P19022,1,1,1,3
Q9UMX5,1,1,1,3
A0A024QZX5,0,0,1,1
O15067,1,0,0,1
Q08209,1,1,0,2
Q15124,1,0,0,1
P62820,1,1,0,2
E7EQR4,1,0,0,1
A6NG10,0,0,1,1
Q9P035,1,1,0,2
P28074,1,0,0,1
Q14314,1,1,1,3
P61604,1,1,0,2
Q8IVN8,1,1,0,2
D3YTA9,1,0,0,1
A0A0G2JRN3,0,0,1,1
Q8IXL6,1,1,1,3
Q7Z408,1,1,0,2
P0DOX3,0,1,0,1
Q96A11,1,0,0,1
Q15102,1,0,0,1
H7BY64,1,0,1,2
Q12794,1,0,1,2
H0YF92,1,0,0,1
Q92954,1,1,0,2
Q9HBR0,1,1,1,3
Q8NFP4,1,1,1,3
O43405,1,1,1,3
Q9H2J7,0,1,0,1
A0A087WUT8,0,0,1,1
G3V2W1,1,0,1,2
P11216,1,1,0,2
Q14118,1,1,1,3
O75122,1,0,0,1
P54802,1,1,1,3
O95622,1,0,0,1
A1L4Q6,0,1,0,1
P25788,1,1,0,2
Q9UKY0,1,1,0,2
P10768,1,1,0,2
Q9NQW7,1,1,0,2
Q15293,1,1,1,3
P05452,1,1,1,3
P16104,1,0,0,1
Q8IZM0,0,1,0,1
B1AN15,0,0,1,1
J3KQ12,1,0,0,1
P12821,1,1,0,2
O75071,1,1,1,3
B1AK88,1,0,0,1
A0A0A0MSX3,0,0,1,1
P35573,0,1,0,1
Q9NQ38,1,1,0,2
P68402,1,0,0,1
O75390,1,1,0,2
H3BSR6,1,0,0,1
P23526,1,1,0,2
O00451,1,1,1,3
P58335,1,0,0,1
Q4G148,1,0,0,1
P04279,1,1,0,2
P34059,1,1,1,3
Q9UJC5,1,1,0,2
Q13275,1,1,0,2
Q9P273,1,1,0,2
O14558,0,1,0,1
O76061,1,1,1,3
P06756,1,1,0,2
Q6NUI6,1,1,0,2
P55290,1,1,1,3
P07384,1,1,0,2
Q9H6Y7,1,0,0,1
A0A1B0GTM3,0,0,1,1
Q8TDF5,1,1,1,3
P11117,1,1,0,2
O15162,0,1,0,1
P37802,1,1,1,3
Q96PE5,1,0,0,1
E7ESX1,0,0,1,1
O00462,1,1,1,3
Q16706,1,1,1,3
E5RIG2,1,0,0,1
P61278,1,1,1,3
P14138,1,1,1,3
O95861,1,1,0,2
Q96PD2,1,1,0,2
Q8NCC3,1,1,1,3
P22695,1,0,0,1
P09486,0,1,1,2
A0A087WWF1,0,0,1,1
Q9NNX6,1,1,0,2
P20774,1,1,1,3
Q8IYR6,1,0,0,1
A6NKN8,1,0,0,1
Q9Y240,1,1,1,3
E5RI87,1,0,0,1
Q9UKJ1,1,1,0,2
P12259,0,1,0,1
A0A024R3B9,0,0,1,1
Q9UK76,1,0,0,1
Q15828,1,1,1,3
Q5JTB6,0,1,0,1
Q9UFP1,1,0,1,2
Q9H9K5,1,1,0,2
A0A0C4DH34,0,0,1,1
O94856,1,1,1,3
Q86UN2,1,1,1,3
O43916,1,1,1,3
C9IY66,0,0,1,1
Q14832,1,1,0,2
Q75L30,0,1,0,1
P07951,1,1,0,2
P08476,1,1,0,2
P09972,1,1,1,3
F8W8W7,0,0,1,1
Q14624-2,0,0,1,1
Q9Y644,1,0,0,1
D6RAR4,1,0,1,2
Q6ZN92,0,1,0,1
O15072,1,1,0,2
P36639,1,0,0,1
P19438,1,1,0,2
P18850,1,1,0,2
O43491,1,1,0,2
P98095,1,1,1,3
A0A096LNX8,1,0,0,1
P55327,0,1,0,1
G3XAH0,1,0,0,1
O75493,1,1,1,3
P04085,1,1,0,2
Q9Y5E8,1,1,0,2
Q6ZRP7,1,1,1,3
Q4J6C6,1,0,0,1
A0A0A0MT66,0,0,1,1
Q9H1U4,1,1,0,2
P63092,1,1,0,2
B7Z4C8,1,0,0,1
Q92783,0,1,0,1
P55103,0,1,0,1
A0A0G2JQD2,0,0,1,1
Q8NC42,1,0,0,1
Q5T442,1,0,0,1
Q15942,1,0,0,1
P17936,1,1,0,2
P20333,1,1,0,2
Q9BTK2,0,1,0,1
Q9Y5L2,0,1,0,1
Q9NZU0,1,1,0,2
Q9NPC4,1,1,1,3
Q12797,1,1,1,3
E9PMI0,0,0,1,1
Q16352,1,1,0,2
O00499,1,1,0,2
Q7Z3D4,1,1,0,2
H7C4F8,1,0,0,1
J3KNP4,1,0,1,2
Q13885,1,0,0,1
P49763,1,0,0,1
P13489,1,1,1,3
Q8NA96,0,1,0,1
Q99523,1,1,1,3
Q9BXN1,0,0,1,1
Q8NFT8,1,1,1,3
Q9UQ52,1,1,1,3
F5H265,1,0,1,2
P11137,1,1,0,2
D6RD17,0,0,1,1
F5H1Y9,1,0,0,1
Q96NZ9,0,1,0,1
Q96D05,1,0,0,1
P02760,1,0,1,2
A0M8Q6,0,0,1,1
Q6UXH9,1,1,0,2
Q10471,1,1,1,3
Q14714,1,0,0,1
Q13308,1,1,0,2
Q9UGM5,1,1,1,3
Q9H2X0,1,1,0,2
E7EPV7,0,0,1,1
P54760,1,1,0,2
O00548,1,1,0,2
Q99946,1,1,1,3
P16112,0,1,0,1
P16234,1,1,0,2
Q8TEY5,1,0,0,1
P05023,1,1,1,3
Q9BRR6,1,1,0,2
E7EX60,0,0,1,1
Q5VV11,0,1,0,1
Q99727,1,1,0,2
P47929,1,0,0,1
P11362-21,0,0,1,1
Q5SU54,1,0,0,1
Q8TDQ1,0,1,0,1
P12111,1,1,1,3
A0A0U1RQV3,0,0,1,1
A0A087WV23,1,0,0,1
Q6ZU80,1,0,0,1
Q68BL8,1,1,0,2
Q9H6X2,1,1,1,3
E9PN95,0,0,1,1
A0A0A6YYG9,0,0,1,1
E9PJP6,0,0,1,1
P13861,0,1,0,1
O43155,1,1,0,2
O43173,1,1,1,3
Q8N377,0,1,0,1
A0A0A0MS09,0,0,1,1
O75436,1,0,0,1
Q8N6C8,0,1,0,1
P22304,1,1,1,3
G3V5Z7,1,0,0,1
P01817,0,0,1,1
Q13443,1,1,0,2
P01912,0,0,1,1
E5RHU3,0,0,1,1
Q6UX72,1,1,1,3
P24588,1,0,0,1
O14958,0,1,0,1
O75636,1,1,1,3
P62760,1,1,0,2
Q96RW7,1,1,1,3
F5GYJ8,1,0,0,1
Q9HB40,1,1,1,3
P22105,1,1,0,2
Q6JBY9,1,1,0,2
P12236,1,0,0,1
P26447,1,1,1,3
P13640,1,0,0,1
Q99715,1,1,0,2
P01623,1,0,0,1
P35606,1,1,0,2
Q6UWS5,0,1,0,1
P31025,1,0,0,1
J3QQX2,1,0,0,1
A0A0G2JHA9,0,0,1,1
P04908,1,0,0,1
H3BT17,0,0,1,1
Q9Y2G8,1,1,0,2
P35754,1,1,1,3
O75129,0,1,0,1
A0A087WV47,1,0,0,1
P04733,1,1,0,2
Q96KR4,0,0,1,1
P24534,1,0,0,1
A0A0C4DGQ5,1,0,0,1
O94811,1,1,0,2
P16389,1,0,0,1
A0A087WTP3,0,0,1,1
Q9NV96,1,0,0,1
P61018,0,1,0,1
Q13835,1,1,0,2
P04075,1,1,1,3
K7EQZ3,1,0,0,1
P04040,1,1,1,3
P02652,0,1,1,2
Q9Y2T3,1,1,1,3
O14737,1,1,1,3
P07949,1,1,0,2
Q9NZ45,1,1,0,2
Q5XKE5,1,0,0,1
E9PGC5,1,0,1,2
Q15485,1,0,0,1
P19013,1,0,0,1
O95461,1,0,0,1
Q8NBI3,1,1,0,2
P17302,1,1,1,3
E7EN65,0,0,1,1
A0A087X1S7,1,0,0,1
A0A0B4J259,0,0,1,1
P31321,1,1,1,3
B1AKI9,0,1,0,1
A5D6W6,1,1,1,3
O60242,1,1,1,3
P01189,1,1,0,2
P15924,1,1,0,2
P55268,1,1,1,3
P12830,1,1,0,2
Q13232,1,1,1,3
P01358,0,1,0,1
Q14112,1,1,1,3
C9J6G4,0,0,1,1
P09668,1,1,0,2
P41217,1,1,1,3
Q02809,1,1,1,3
Q5TC84,1,0,0,1
Q99436,1,1,0,2
G3XAP6,0,0,1,1
Q96IR3,0,1,0,1
Q9BQ51,1,0,0,1
O94813,0,1,0,1
P22692,1,1,1,3
A0A1X7SBT7,0,0,1,1
A6NDG6,1,1,0,2
Q5VU97,1,1,0,2
Q13442,1,1,0,2
O94911,1,1,0,2
G8JLG2,1,0,0,1
C9JFR7,0,0,1,1
Q9H9S5,1,1,0,2
Q8IW75,1,0,0,1
Q9UHA4,0,1,0,1
Q86YZ3,1,1,1,3
Q99584,1,1,1,3
P23763,0,1,0,1
A0A1W2PP80,0,0,1,1
P32119,1,1,1,3
J3KQ42,1,0,0,1
Q9GZT8,1,1,1,3
P0C879,0,1,0,1
Q6ZVX7,1,0,0,1
A0A0A0MSN4,0,0,1,1
Q6UXK5,1,1,0,2
P28070,1,0,0,1
Q9H7Y0,1,0,1,2
O75077,0,1,0,1
B0YIW2,1,0,1,2
P04259,1,1,0,2
O94766,1,1,0,2
A0A0B4J2D9,0,0,1,1
A0A0A0MTP9,0,0,1,1
P12036,1,0,0,1
Q04721,1,1,1,3
B1AL88,1,0,0,1
F5H039,1,0,0,1
P13637,1,1,0,2
Q8TCH9,0,1,0,1
P23560,1,1,1,3
P46781,1,1,0,2
A0A0G2JLL6,0,0,1,1
O00244,0,1,0,1
E5RJR5,0,0,1,1
Q9ULX7,1,1,0,2
A0A286YFE3,0,0,1,1
A0A087X2C0,1,0,0,1
P00367,1,0,0,1
P14151,1,1,1,3
P01909,0,1,0,1
Q9ULP0-3,0,0,1,1
Q16623,1,1,0,2
O95450,0,1,1,2
Q9NZK5,1,0,0,1
Q9GZP0,1,1,1,3
Q9H159,1,1,0,2
A0AVF1,1,0,0,1
A0A0J9YW40,0,0,1,1
P61266,1,1,0,2
P51888,1,1,1,3
Q15878,1,1,0,2
A0A0A0MQT0,1,0,0,1
Q9UN36,1,1,1,3
P54868,0,1,0,1
P10451-3,0,0,1,1
P30740,1,1,1,3
Q92820,1,1,1,3
Q92765,1,1,1,3
Q7Z7M8,1,1,1,3
Q15904,1,1,1,3
P54819,0,1,0,1
Q7LFX5,1,1,1,3
Q9BRK3,1,1,1,3
O43505,1,1,1,3
B2RUY7,1,1,0,2
Q8IZA0,1,1,0,2
P05408-2,0,0,1,1
P17813,1,1,0,2
H7BZJ3,1,0,1,2
E7ETH0,1,0,1,2
E5RIP7,0,0,1,1
P55287,1,1,1,3
A0A0B4J2B5,0,0,1,1
P24666,1,1,0,2
P32971,1,1,0,2
P25940,0,1,0,1
F5GYN4,0,0,1,1
P09467,1,1,0,2
Q9Y6N7,1,1,1,3
O75460,0,0,1,1
Q9NSC7,1,1,1,3
P40189,1,1,1,3
E9PFD7,0,0,1,1
Q9NPY3,1,1,0,2
Q6ZR54,0,1,0,1
A0A087WWB6,1,0,0,1
O60291,0,1,0,1
Q5IJ48,1,1,1,3
P62805,1,0,1,2
P01814,0,0,1,1
P02671,1,1,1,3
P22061,0,1,0,1
Q9NZC2,1,0,1,2
O95292,1,1,0,2
Q15365,1,0,0,1
Q9P2E5,1,0,0,1
A0A0A0MTG9,1,0,0,1
E9PEK4,0,0,1,1
Q9H9P2,1,0,0,1
Q8TE57,1,0,0,1
A0A0A0MT26,0,0,1,1
O95336,1,1,0,2
P36957,1,1,0,2
Q14520,1,1,1,3
H0YL18,1,0,0,1
O75711,1,1,1,3
P22314,1,1,0,2
P05090,0,1,0,1
D6RF86,0,0,1,1
O95980,1,1,0,2
P50897,1,1,0,2
O43242,1,0,0,1
P22891,1,1,1,3
G3XAK1,1,0,1,2
Q9BPU6,0,1,0,1
Q9Y5E6,0,1,0,1
P01597,0,0,1,1
P01889,0,1,0,1
A0A024R3W6,0,0,1,1
O43866,1,1,0,2
A0A1W2PQ11,0,0,1,1
Q658N2,1,1,0,2
O43300,1,1,1,3
O00168,0,1,0,1
E7EVA0,1,0,0,1
Q9NW97,1,0,0,1
P06276,1,1,1,3
P23434,1,0,0,1
K7ELC7,1,0,0,1
P35542,0,0,1,1
Q5H8C1,1,0,0,1
A0A140T913,0,0,1,1
Q6ZN44,1,1,0,2
Q15782,1,1,1,3
A0A087WW89,1,0,0,1
Q9HBW1,1,1,1,3
P28161,1,0,0,1
Q92791,0,1,0,1
P48960,1,1,0,2
Q96P44,1,1,0,2
P02655,0,1,0,1
P29622,1,1,1,3
O43497,0,1,0,1
A0A087WTQ6,1,0,0,1
P54296,1,0,0,1
P43121,1,1,1,3
A0A087X1C7,1,0,0,1
O75787,1,1,0,2
O60268,1,0,0,1
A0A075B6J4,1,0,0,1
Q1T7F1,0,1,0,1
P15509,1,1,1,3
P23083,0,0,1,1
P22102,1,0,0,1
Q9ULZ9,1,1,1,3
P69892,1,0,1,2
Q9P0L0,1,1,1,3
P20930,1,1,1,3
P07358,1,1,0,2
A0A087WXC9,1,0,0,1
P09871,1,1,1,3
Q8IW45,1,0,0,1
Q9BRK0,1,0,0,1
Q99536,0,1,0,1
Q9BQS7,1,1,0,2
C9JPD0,0,0,1,1
P23528,0,1,0,1
P01743,0,0,1,1
Q8IUH2,1,0,0,1
O75095,1,1,0,2
A6NL88,1,1,1,3
Q6ZRP5,0,1,0,1
P55083,0,1,0,1
O14498,1,1,1,3
Q8TE73,1,0,0,1
H7BYX6,1,0,1,2
A0A0A0MTH0,0,0,1,1
P36543,1,1,0,2
Q9H305,1,0,0,1
Q9Y6Z7,1,0,0,1
O00468-6,0,0,1,1
D6RIA3,1,0,0,1
P32942,1,0,0,1
P10319,1,0,0,1
O95969,1,0,0,1
Q9NQX5,0,1,0,1
P30462,1,0,0,1
C9J1I0,0,0,1,1
A0A087WTK0,0,0,1,1
Q16531,1,1,0,2
O00241,1,1,1,3
Q2TBF2,1,1,0,2
G3V164,0,0,1,1
J3KQE5,1,0,0,1
A0A087X1N7,1,0,0,1
O15240,1,1,1,3
B1AJZ9,0,0,1,1
P16930,1,1,1,3
Q96EU7,1,1,1,3
Q9UHD9,1,1,0,2
Q16143,1,1,0,2
A0A087X1N8,1,0,0,1
P15907,1,1,0,2
P26641,1,1,0,2
O43237,1,1,0,2
P06748,1,0,0,1
Q13591,1,0,0,1
P11441,0,1,0,1
Q7Z5L0,1,1,1,3
A0A087WTI4,0,0,1,1
Q6ZUT4,0,1,0,1
P52565,0,1,0,1
P62837,0,1,0,1
C9JP35,0,0,1,1
A0A0C4DH33,0,0,1,1
Q6ZPA2,0,1,0,1
Q08257,1,1,0,2
P17405,1,1,1,3
E9PD25,1,0,0,1
D6R934,0,0,1,1
Q6Q795,0,1,0,1
Q9HCU0,1,1,1,3
Q6ZR03,0,1,0,1
P17900,1,1,1,3
P01023,1,1,1,3
Q92841,1,0,0,1
P60174,1,1,1,3
P11217,1,0,0,1
K7EJ20,1,0,0,1
P55145,1,1,0,2
Q9Y3F1,0,1,0,1
Q96CS7,0,1,0,1
P38606,1,1,0,2
C9JIF9,1,0,0,1
P13693,0,1,0,1
A6NIZ1,0,1,0,1
Q8WZ75,1,1,0,2
D3YTI2,0,0,1,1
Q07954,1,1,1,3
P11021,1,1,1,3
P08590,1,0,0,1
P23284,1,1,1,3
D3DQH8,1,0,0,1
O00483,1,0,0,1
A0A0J9YX35,0,0,1,1
P01598,1,0,0,1
Q16651,1,1,0,2
P16070,1,1,0,2
A6BM72,0,1,0,1
Q13361,0,1,0,1
P09211,1,0,1,2
Q6P587,1,1,0,2
Q16270,1,1,1,3
P78371,1,1,0,2
O43291,1,1,1,3
P02144,1,1,0,2
Q5T7Y6,1,0,0,1
Q9HD45,1,1,0,2
P14780,1,1,0,2
A0A087WVC6,1,0,0,1
P12081,1,0,0,1
P01137,1,1,0,2
A0A0A0MS20,1,0,1,2
P60842,1,0,0,1
Q8NCL4,1,1,1,3
P21802,1,1,0,2
Q6UWI4,1,0,0,1
Q9Y696,1,1,1,3
O95084,0,1,0,1
A0A0G2JHN4,0,0,1,1
Q15121,1,1,1,3
Q8N1N4,1,1,0,2
A0A1B0GV23,0,0,1,1
Q9NQ79,1,1,0,2
Q9NYQ8,1,1,1,3
P78333,1,1,0,2
Q9H521,0,1,0,1
O75822,1,0,0,1
Q9NP84,1,1,0,2
X6R7Y7,1,0,0,1
Q15165,1,1,0,2
Q9P232,1,1,1,3
A0A087WZE4,1,0,0,1
P98172,1,1,1,3
P06213,1,0,0,1
F8WAD8,0,0,1,1
Q9H2G2,1,0,0,1
P46926,1,1,0,2
Q5T4T6,0,1,0,1
P20645,1,0,0,1
P01833,1,1,1,3
P16615,1,0,0,1
P06881,1,1,0,2
Q6UXF1,1,1,0,2
Q9UBL0,1,1,0,2
Q92911,1,1,0,2
P30153,1,1,0,2
P57087,1,1,0,2
P00390,1,1,1,3
Q16576,1,0,0,1
A0A182DWI4,0,0,1,1
P27695,1,0,0,1
Q9UJQ1,1,1,1,3
O94760,1,1,1,3
Q9Y5R2,1,1,0,2
Q6ZSR6,0,1,0,1
Q16549,0,1,0,1
A0A087WY08,1,0,0,1
J3KN36,1,0,0,1
Q71H61,1,0,0,1
P16035,1,1,1,3
Q6MZW2,1,1,1,3
Q6ZRX8,0,1,0,1
Q5SRI9,1,1,1,3
Q03405,1,1,0,2
P09874,1,0,0,1
P24043,1,1,0,2
Q8N436,1,1,1,3
P35556,1,0,0,1
P07357,1,1,1,3
P29317,0,1,0,1
I3L397,0,0,1,1
Q96JQ0,1,1,0,2
O94923,1,0,0,1
E7ETA5,1,0,0,1
Q96QA5,1,1,0,2
Q9H3T2,1,1,1,3
P12109,1,1,0,2
Q9BRK5,1,1,1,3
F5H8A3,0,0,1,1
Q6IEE7,1,1,0,2
Q9H492,0,1,1,2
H0Y3Z8,1,0,0,1
G3V2U7,1,0,1,2
A0A087WYK9,0,0,1,1
Q99519,1,1,1,3
Q9P2E7,1,1,1,3
O95502,1,1,0,2
Q6ZVM7,1,0,0,1
A8MUA0,0,1,0,1
P30447,1,0,0,1
Q6NW40,0,1,0,1
Q9Y5G2,0,1,0,1
Q8IW52,1,1,1,3
Q9NZD2,0,1,0,1
P08069,1,1,0,2
Q99574,1,1,1,3
P61026,1,1,0,2
Q7Z7M0,1,1,1,3
Q29983,0,1,0,1
Q9Y2R0,1,0,0,1
O00214,1,0,0,1
Q14165,1,1,1,3
P53801,1,0,0,1
F8WE04,0,0,1,1
O95445,1,1,1,3
H0YMD1,1,0,0,1
P39687,1,0,0,1
C9JHR8,0,0,1,1
P68104,1,1,1,3
P61764,1,1,0,2
P52823,1,1,0,2
E5RGY1,0,0,1,1
P01611,1,0,0,1
Q96SM3,1,0,1,2
P55072,1,1,0,2
M0R100,1,0,0,1
Q8N128,1,0,0,1
Q15819,1,1,0,2
Q56UQ5,0,1,0,1
O75326,1,1,1,3
Q9BZC7,0,1,0,1
P23396,1,0,0,1
Q13421,1,1,0,2
Q8N8N7,1,0,0,1
Q15847,1,1,1,3
A0A087WTF6,1,0,0,1
Q9Y5F6,1,1,1,3
A0A0C4DG49,1,0,0,1
P81605,1,1,1,3
Q9NVJ2,1,1,0,2
Q96CN7,1,0,0,1
A0A087X0K4,0,0,1,1
Q9UJA9,1,1,1,3
P09382,1,1,1,3
O60506,0,1,0,1
Q00796,1,0,0,1
Q16787,0,1,0,1
Q9HAT2,1,1,1,3
Q9NZ53,1,1,1,3
A0A140T962,0,0,1,1
A0A087WYV9,1,0,0,1
O95158,1,1,1,3
P00568,0,1,1,2
F6WQW2,1,0,0,1
P35968,1,1,1,3
P02745,1,1,1,3
Q8IV08,1,1,1,3
K7ER74,1,0,0,1
P01210,1,1,1,3
Q9Y336,1,1,0,2
C9JQL5,0,1,0,1
O75351,0,1,0,1
P27797,1,1,1,3
Q9BT88,1,1,1,3
O60704,0,1,0,1
Q16288,1,1,0,2
P10909-3,0,0,1,1
Q8TBE3,1,1,0,2
A0A087X0X3,1,0,0,1
P06858,1,1,0,2
Q96AQ6,1,1,1,3
O94919,1,1,1,3
P16083,1,1,1,3
Q9Y279,1,1,1,3
P25787,1,1,0,2
Q6UXN8,1,0,0,1
B7ZLJ8,0,0,1,1
P0C6S8,1,1,1,3
Q7Z304,1,1,0,2
Q9NYA1,1,0,0,1
P20061,1,0,0,1
A0A075B6I9,0,0,1,1
E9PG71,0,0,1,1
A0A0A0MS15,1,0,1,2
P62263,1,0,0,1
P49747,1,1,0,2
P13727,1,1,0,2
Q6UXD5,1,1,0,2
P09455,0,1,0,1
Q7Z4T9,0,0,1,1
P11717,1,1,1,3
A0A0A0MSC4,0,0,1,1
P02765,1,1,1,3
O00567,1,0,0,1
P0DOX6,0,1,0,1
P21399,1,1,0,2
O14818,1,1,0,2
X6R8F3,1,0,0,1
Q9NRJ7,0,1,0,1
D6RH31,1,0,1,2
P11142,1,1,0,2
O43424,0,1,0,1
P02686,1,1,0,2
P02751-11,0,0,1,1
P07858,1,1,1,3
Q9HCL0,1,1,0,2
P31327,0,1,0,1
A0A0D9SEM5,0,0,1,1
P02729,0,1,0,1
D6RCE0,0,0,1,1
P02538,1,1,1,3
Q5STX8,1,0,0,1
Q5T3I4,0,0,1,1
P80188,0,1,1,2
O75063,1,1,1,3
A0A024R0T9,0,0,1,1
Q9GZN8,0,1,0,1
P09619,1,1,1,3
E9PNP3,1,0,0,1
O14792,1,1,0,2
H0YDE5,1,0,1,2
Q96NY7,1,1,0,2
P07737,1,1,1,3
B5MD45,0,0,1,1
Q9H299,0,1,0,1
Q8IX30,1,0,0,1
Q5VV43,1,1,1,3
P00995,1,1,0,2
Q9NS71,1,1,0,2
Q86UX2,0,1,0,1
A0A087X136,0,0,1,1
A0A0A6YYJ4,1,0,0,1
Q9H993,1,0,0,1
P40121,1,1,1,3
G3V1C5,1,0,0,1
P50238,1,1,0,2
P00505,1,1,1,3
P19957,1,1,0,2
P07686,1,1,1,3
E9PR17,1,0,0,1
Q86VR8,1,1,1,3
O15498,1,1,0,2
O75487,1,1,0,2
P30041,1,1,1,3
Q99650,1,1,1,3
P05186,1,1,0,2
Q15465,1,0,1,2
Q9BRT3,1,0,0,1
P07360,1,1,1,3
P22413,1,1,0,2
Q6ZQT7,0,1,0,1
M0R0R2,1,0,0,1
A0A087WW87,0,0,1,1
Q6ZRU5,0,1,0,1
A0A0G2JSC0,0,0,1,1
O00339,1,1,1,3
Q68D85,1,1,0,2
Q8N2Z9,1,0,0,1
Q6ZMZ0,1,0,0,1
Q8TAT8,0,1,0,1
Q9NY35,1,1,0,2
K7ELL7,1,0,0,1
F8WBF9,0,0,1,1
Q96NI6,1,0,0,1
P23435,1,1,1,3
Q9UHG2,1,1,1,3
P02747,1,1,1,3
Q00325,1,0,0,1
P20851,1,0,0,1
P16435,0,1,0,1
P35527,1,1,1,3
P48047,1,0,0,1
P02774,1,1,1,3
P00742,1,1,1,3
P56975,1,1,0,2
Q96FE7-4,0,0,1,1
E9PBQ7,1,0,0,1
Q9H251,1,1,0,2
P26012,1,0,0,1
A0A140T8Z9,0,0,1,1
B4E1Z4,1,0,1,2
Q02246,1,1,0,2
O60741,0,1,0,1
P98161,1,1,0,2
Q9H4A9,1,1,0,2
Q9GZM7,1,1,0,2
P05387,1,1,0,2
Q9NY33,0,1,0,1
P56277,1,0,0,1
P20336,1,1,0,2
E2RYF7,1,0,0,1
Q9NZ94,1,1,1,3
C9JNG9,1,0,0,1
A0A0U1RR32,0,0,1,1
Q8NFZ4,1,1,1,3
P60880,1,1,0,2
Q92854,1,1,1,3
P15144,1,1,1,3
Q12879,1,0,0,1
P49767,1,1,1,3
Q9H5K3,1,1,0,2
Q9Y6Y9,1,1,1,3
P42262,1,1,1,3
A0AVL1,0,0,1,1
A6NHS1,0,1,0,1
O95897,1,1,0,2
J3KQ32,1,0,0,1
Q6ZTK2,0,1,0,1
H3BUV8,0,0,1,1
P07108,1,1,0,2
Q9Y625,1,1,0,2
Q06033,1,1,1,3
Q6ZSR9,0,1,0,1
A8MV72,0,1,0,1
P13500,0,1,0,1
P63244,1,0,0,1
Q9ULI3,1,1,1,3
O95196,1,1,0,2
F8W785,1,0,1,2
P28072,1,1,0,2
R4GMU1,1,0,0,1
Q9Y3Q3,1,1,0,2
O75882,1,1,1,3
Q6UWB1,0,1,0,1
P12273,1,1,1,3
Q496J9,1,1,0,2
O60814,0,0,1,1
E5RK69,0,0,1,1
Q562R1,0,1,1,2
P04083,1,1,0,2
Q2TV78,1,0,0,1
Q6NUS6,0,1,0,1
A0A0C4DH36,0,0,1,1
P00738,1,1,1,3
Q6ZQT0,0,1,0,1
A0A075B6H7,0,0,1,1
Q9UF11,1,1,0,2
P36980,1,1,0,2
O75781,1,1,1,3
Q9Y6F9,1,1,0,2
P50281,1,1,0,2
E9PNW4,0,0,1,1
Q93070,0,1,0,1
P14550,1,1,0,2
Q9UHL4,1,1,1,3
Q92804,1,0,0,1
P25774,1,1,1,3
P08493,1,1,1,3
P69208,0,1,0,1
C9JKT8,0,0,1,1
P61019,1,1,0,2
P01185,1,1,0,2
P01608,1,0,0,1
F5H126,1,0,0,1
B8ZZL8,0,0,1,1
O15232,1,1,0,2
A0A0C4DH25,0,0,1,1
Q6XQN6,1,0,0,1
Q6ZS46,0,1,0,1
P22792,1,1,1,3
P04004,1,1,1,3
Q9Y5F7,0,1,0,1
Q92485,1,1,1,3
Q96M85,0,1,0,1
Q96G97,0,1,0,1
P02511,1,0,0,1
P14207,1,1,0,2
P18206,1,1,1,3
P32004,1,1,1,3
P06132,1,0,0,1
O75594,1,0,0,1
Q8NHP8,1,1,0,2
Q9Y328,1,0,0,1
Q9C0A0,0,1,0,1
Q14019,1,1,1,3
O94985-2,0,0,1,1
X6R8W7,1,0,0,1
B1ALM5,1,0,0,1
P22223,1,1,0,2
P55774,0,0,1,1
A0A0A0MT71,0,0,1,1
Q04917,1,1,0,2
Q99674,1,1,1,3
Q86SQ4,1,1,1,3
Q96HY6,1,1,0,2
P48723,1,1,1,3
H7C484,1,0,0,1
P80294,0,1,0,1
O75093,1,1,0,2
B0QYF8,0,0,1,1
Q99729,1,1,0,2
Q9NPZ5,0,1,0,1
O96033,1,0,0,1
P15090,1,1,0,2
P56817,1,1,1,3
Q02750,1,0,0,1
G3V0E5,0,0,1,1
Q96GD0,1,1,1,3
Q9UKM7,1,1,1,3
B1AMW1,0,0,1,1
P02766,1,1,1,3
Q13554,1,1,1,3
Q00973,1,1,1,3
P54108,0,1,0,1
P20618,1,1,1,3
P10451,1,1,1,3
Q9H8Y8,1,1,0,2
P22676,1,1,1,3
Q14152,0,0,1,1
P25391,0,1,0,1
Q0P6D2,1,0,1,2
Q02790,1,1,0,2
Q6ZUG5,0,1,0,1
I3L3E6,0,0,1,1
Q68BL7,1,1,1,3
Q6ZS92,0,1,0,1
Q13557,1,1,0,2
P05089,1,1,0,2
P52566,1,1,0,2
Q6AWC8,0,1,0,1
Q13126,1,0,0,1
O60939,1,1,0,2
P08174,1,1,0,2
Q8N573,1,1,0,2
P51397,1,0,0,1
O60507,1,1,0,2
E9PBG7,1,0,0,1
P09104,1,1,1,3
P00966,1,1,0,2
P35749,1,1,1,3
Q16849,1,1,1,3
J3QRU1,1,0,0,1
Q9BQT9,1,1,1,3
P02794,1,1,1,3
Q6ZVL6,1,1,1,3
O75508,1,0,0,1
Q9UKZ4,1,1,1,3
Q9Y639,1,1,0,2
O00187,1,1,1,3
P42892,1,1,0,2
Q92734,1,0,0,1
Q9ULV1,1,1,0,2
Q96EE4,1,1,0,2
P30405,1,0,0,1
Q92824,1,0,0,1
Q9H3G5,1,1,1,3
O15511,1,0,0,1
Q5T3J1,0,0,1,1
Q9NPF0,1,1,0,2
P62280,1,0,0,1
H0YMB1,0,0,1,1
P22607,1,1,0,2
Q9Y287,1,1,1,3
Q9BXJ1,1,0,1,2
P06865,1,1,0,2
Q8N2Q7,1,1,1,3
A0A0C4DH29,0,0,1,1
Q9NSB4,0,0,1,1
Q96CG8,1,1,0,2
P39060,1,1,1,3
Q92692,1,0,0,1
A0A1B0GVB9,0,0,1,1
P06454,0,1,0,1
P51674,1,1,1,3
Q8IVA1,0,1,0,1
C9IZP8,1,0,0,1
P16870,1,1,1,3
P68871,1,1,1,3
P68431,1,0,0,1
P01714,1,0,1,2
Q92520,1,1,1,3
A0A0C4DFZ2,1,0,1,2
Q24JP5,1,1,1,3
P31949,1,1,0,2
Q9UN70,1,1,1,3
P12955,1,1,1,3
A0A087WX02,0,0,1,1
Q13449,1,1,0,2
Q6UWJ1,1,0,0,1
P34932,1,1,0,2
P13796,1,1,1,3
Q14966,1,0,0,1
P50895,1,1,0,2
Q9Y2G5,1,1,0,2
Q86YT9,1,0,0,1
P02533,1,1,1,3
Q86T13,1,1,0,2
Q16568,1,1,1,3
Q5T123,0,0,1,1
O75592,1,0,0,1
Q8N608,1,1,1,3
A0A0B4J2D5,1,0,0,1
Q8WVV5,1,0,0,1
P14136,1,1,0,2
A8K0B5,1,0,0,1
P48745,1,0,1,2
A0A1W2PQB1,0,0,1,1
P43234,1,1,1,3
Q9H461,1,1,0,2
P60900,0,1,0,1
P07339,1,0,0,1
P54753,1,1,0,2
Q13838,1,0,0,1
Q9NPF2,1,1,0,2
Q9NWV8,1,0,0,1
P46379,0,1,0,1
Q9UHG3,1,1,0,2
O75094,1,1,0,2
Q7Z4P5,1,0,0,1
Q9H1B5,1,1,0,2
P35858,1,1,1,3
Q96M66,0,1,0,1
Q86Y82,1,1,0,2
P01721,0,0,1,1
Q99538,1,1,1,3
A0A087X1G7,0,0,1,1
O14618,1,0,0,1
P54687,1,0,0,1
O43508,1,1,0,2
P41222,1,1,1,3
Q96TA2,1,1,0,2
Q96DZ1,1,1,0,2
M0QYU8,0,0,1,1
Q9UKK9,0,1,0,1
Q13153,1,0,0,1
P05154,1,1,1,3
Q6ZMJ2,1,0,0,1
F5GZK2,0,0,1,1
K7ENE5,0,0,1,1
A6H8L4,0,0,1,1
A6XND0,0,0,1,1
P08195,1,1,0,2
Q8N114,1,1,0,2
G3V533,0,0,1,1
Q9NZH0,1,0,0,1
O15123,1,1,0,2
Q9UBS5,1,0,0,1
P0DP58,0,1,0,1
Q02641,1,0,0,1
Q6ZRM9,0,1,0,1
P61457,1,0,0,1
P21266,1,1,0,2
Q8IZU9,1,1,0,2
Q9Y5G9,0,1,0,1
P00491,1,0,1,2
I3L3J8,0,0,1,1
Q9UKU6,1,1,1,3
Q9UBI6,1,0,0,1
Q99962,1,0,0,1
O95671,0,1,0,1
B1AJR9,1,0,0,1
O95206,1,1,1,3
Q6IS24,1,0,1,2
Q9UMX0,1,0,1,2
P23515,1,1,1,3
E5RJY1,0,0,1,1
Q6GTX8,1,1,0,2
P00387,1,1,0,2
Q16627,1,1,0,2
P22303,1,1,1,3
Q14624,1,1,1,3
Q07699,1,1,0,2
F5GY55,0,0,1,1
A0A0B4J2B7,1,0,0,1
P07093-2,0,0,1,1
P49862,1,1,0,2
P28908,1,1,0,2
J3KQ18,1,0,1,2
Q9H1E5,1,0,0,1
Q3KRA9-2,0,0,1,1
E7EUW2,1,0,0,1
P50552,0,1,0,1
Q9UJ99,1,1,1,3
P22626,1,0,0,1
O95834,1,0,0,1
Q8WWA0,1,0,0,1
Q9BYH1,1,1,0,2
P84157,1,1,0,2
P04792,1,1,0,2
P28799,1,1,0,2
A0A087WSZ0,0,0,1,1
A0A0A0MTC8,0,0,1,1
A0A0C4DGV8,0,0,1,1
P11279,1,1,1,3
P02788,1,0,0,1
Q9H741,1,0,1,2
P07093,1,1,1,3
Q12860,1,1,1,3
Q9H0X4,1,0,0,1
P07477,0,1,0,1
E7END6,0,0,1,1
Q8NFD4,0,1,0,1
Q99941,1,1,0,2
Q9BVH7,1,1,0,2
Q8TDY8,1,0,0,1
P06326,1,0,0,1
P15848,1,1,0,2
P13667,1,1,1,3
P05997,1,1,1,3
H0Y7T8,1,0,1,2
H0Y512,0,0,1,1
P20962,1,0,0,1
Q14766,1,1,1,3
P30493,1,0,0,1
Q9NZR1,1,0,0,1
Q7Z5B4,1,0,0,1
Q9Y2J2,1,0,0,1
Q86Y46,0,1,0,1
Q9NT68,1,1,0,2
P61106,1,1,0,2
P15529,1,1,0,2
A0A0C4DH31,0,0,1,1
P78386,1,0,0,1
Q9H173,1,1,0,2
P48061,1,1,0,2
P25685,1,1,0,2
D6RE86,1,0,0,1
A0A024R644,1,0,1,2
P49754,1,0,0,1
P09493,1,1,0,2
Q8TCT8,1,0,0,1
Q8IWV2,1,1,1,3
Q9BY76,1,1,0,2
A0A0J9YW36,0,0,1,1
Q8NEF3,1,1,0,2
P42857,0,1,0,1
P42785,1,1,1,3
P38646,1,0,0,1
P25445,1,0,0,1
E9PHN6,0,0,1,1
Q7Z5A9,1,0,0,1
I3L145,0,0,1,1
B7ZKJ8,0,0,1,1
Q9Y4L1,1,1,1,3
Q13907,1,0,0,1
P35590,1,1,1,3
Q14162,1,1,0,2
Q9HDB5,1,1,1,3
Q5RHP9,1,0,0,1
A0A0D9SFB1,0,0,1,1
B4DS77,1,1,0,2
Q96CV9,1,0,0,1
Q7Z7M9,1,1,1,3
K7EPJ5,0,0,1,1
P61769,0,1,1,2
Q9NWV4,1,0,0,1
Q16891,1,0,0,1
B4E3Q4,0,0,1,1
Q96PX8,1,1,1,3
O75347,0,1,0,1
A0A087WSY6,0,0,1,1
Q08ET2,1,1,1,3
P02792,1,1,1,3
P02679,1,1,1,3
Q14061,1,1,0,2
P36897,1,1,0,2
B8ZZ34,1,1,0,2
Q14103,1,0,0,1
P13645,1,1,1,3
P04264,1,1,1,3
A6NMH8,1,0,0,1
P62736,0,0,1,1
Q16610,1,1,1,3
Q9NRX5,1,1,0,2
Q15084,1,1,1,3
Q8N4A0,1,1,0,2
Q8NCW6,1,1,0,2
Q5JTV8,0,1,0,1
O00468,1,1,0,2
O60784,1,1,0,2
Q9Y2G1,1,1,0,2
Q11206,0,1,0,1
J3KQA0,1,0,0,1
P59666,0,1,0,1
P35442,1,1,1,3
P04406,1,1,1,3
P42702,1,1,0,2
P00739,1,0,1,2
F5H5D3,0,0,1,1
Q9BXS0,1,1,0,2
A6NDX4,0,1,0,1
A0A087WVW2,1,0,0,1
O60513,0,1,0,1
Q96HA4,1,0,0,1
P01011,1,1,1,3
Q06055,1,0,0,1
P19256,1,1,0,2
K7EKE8,0,0,1,1
P04196,1,1,1,3
E9PK25,1,0,1,2
Q08345,1,1,0,2
Q8TAG5,0,1,0,1
P21583,1,0,0,1
P08581,1,1,1,3
Q9UJ90,1,1,0,2
P78423,0,1,0,1
Q9UHY7,1,1,0,2
Q8NEW7,1,0,0,1
P54725,1,1,0,2
O15144,1,0,0,1
A0A0A0MRJ6,0,0,1,1
Q9Y274,0,1,0,1
E7ERP7,1,0,0,1
O43278,1,1,0,2
Q8N6Q3,0,1,0,1
O60565,1,1,1,3
P02656,0,1,0,1
Q8NBJ7,0,1,0,1
Q03591,1,1,1,3
Q9BRL6,1,0,0,1
P41250,1,0,0,1
P13611,1,1,1,3
O00469,1,1,0,2
P17655,1,1,0,2
U3KQ56,1,0,0,1
Q96S66,1,1,0,2
A0A075B6J9,0,0,1,1
Q5SZI1,1,0,0,1
Q5TFE4,1,0,0,1
P48594,1,1,0,2
Q6ZS52,0,1,0,1
P23470,1,1,1,3
P62829,1,0,0,1
P59665,1,1,0,2
P20338,1,1,1,3
A0A087WYT3,1,0,0,1
Q9UI15,0,1,0,1
Q8IWY4,1,1,0,2
P58546,1,1,0,2
P20039,1,0,0,1
Q92890,1,0,0,1
E7EMB3,1,0,1,2
A0A087WYL5,1,0,1,2
A2A2V1,0,0,1,1
P49720,1,0,1,2
Q01518,1,1,0,2
Q14956,1,1,1,3
P29966,1,1,1,3
Q9P2B2,1,1,0,2
Q13813,1,1,0,2
J3KNF8,1,0,0,1
P06702,1,1,1,3
Q86UE6,1,1,0,2
Q9BY67,1,1,0,2
Q9Y6V0,1,0,0,1
Q6ZSN1,0,1,0,1
Q15691,1,1,0,2
Q09327,1,1,1,3
B8ZZ19,0,0,1,1
O94905,1,1,0,2
Q99757,1,0,0,1
P13716,1,0,0,1
P55087,1,1,1,3
O00571,0,1,0,1
P49588,1,0,0,1
P00441,1,1,1,3
P06396,1,1,1,3
Q6UWP8,1,1,1,3
Q9BZG9,1,0,0,1
Q9C075,1,0,0,1
Q8N967,1,1,1,3
P01732,1,0,0,1
Q13634,1,1,0,2
A6XMH3,0,0,1,1
A0A0G2JLQ0,0,0,1,1
Q9ULV4,1,1,0,2
P32418,1,0,0,1
A0A087WT05,1,0,0,1
P09525,1,1,0,2
K7EQG1,0,0,1,1
P62136,1,0,0,1
P36542,1,0,0,1
P01036,0,0,1,1
P30086,1,1,1,3
Q96AM1,0,1,0,1
Q9BRX5,1,0,0,1
M0R132,0,0,1,1
F5GY87,0,0,1,1
Q9GZX3,1,0,1,2
Q8TBP5,1,1,1,3
P22794,1,1,0,2
P55008,0,1,0,1
P29144,0,0,1,1
B1B0D4,1,0,0,1
P01703,1,0,0,1
O43852,1,1,1,3
P80370,1,1,0,2
P35908,1,0,1,2
P50993,1,1,0,2
Q96FE7,1,1,0,2
A0A1W2PRS4,0,0,1,1
Q8TCD5,1,0,0,1
C9J712,0,0,1,1
O14617,1,0,0,1
P06396-2,0,0,1,1
P35475,1,1,0,2
Q9Y6N8,1,1,0,2
C9JF17,1,0,1,2
Q8IWT1,1,1,1,3
G5E9G7,0,0,1,1
Q96JA1,1,1,0,2
Q93088,0,1,0,1
Q9H6B4,1,1,1,3
A0A024R571,1,0,0,1
A6NDN8,0,1,0,1
A0A096LP69,1,0,0,1
O75096,1,1,0,2
Q9H665,1,1,0,2
A0A1B0GUU9,0,0,1,1
P05408,1,1,0,2
Q9H477,1,0,0,1
Q8N0X7,1,0,0,1
J9JIG6,0,0,1,1
Q86TH1,0,1,0,1
O15335,1,1,1,3
A0A0G2JRQ6,0,0,1,1
Q6EEV6,1,0,0,1
D6R938,0,0,1,1
A8MU39,0,0,1,1
Q02218,0,1,0,1
P26038,1,1,1,3
F8W1B7,0,0,1,1
Q8N3F0,1,0,0,1
Q6PUV4,1,1,0,2
Q9N2K0,0,1,0,1
C9JYY6,0,0,1,1
O95881,1,0,1,2
E7EPZ9,1,0,0,1
Q8NHL6,1,1,0,2
A0A0B4J1V0,0,0,1,1
Q7Z794,1,1,1,3
O60641,1,0,0,1
Q96PB7,0,1,0,1
P46976,1,1,0,2
Q07507,1,1,1,3
P10619,0,1,1,2
P02545,1,1,0,2
Q9NQ30,1,1,1,3
O15118,1,1,0,2
P56199,1,1,0,2
P04275,1,1,1,3
Q8IZP7,1,1,1,3
O14514,1,1,0,2
Q92187,1,1,0,2
P18827,1,1,0,2
Q16718,0,1,0,1
Q4KWH8,0,1,1,2
P62826,0,1,0,1
P14621,1,1,1,3
C9J0J0,0,0,1,1
A8MVJ9,0,1,0,1
Q13705,1,0,0,1
S4R3U6,1,0,1,2
E7EU04,0,0,1,1
Q8TEU8,1,1,0,2
Q6YHK3,1,1,1,3
Q9Y6R7,1,1,1,3
Q9HAV5,1,1,0,2
A4D1N5,0,1,0,1
E9PEX6,0,0,1,1
Q6N022,1,1,0,2
P31150,1,1,1,3
J3KS52,1,0,0,1
Q13867,1,1,1,3
Q6ZRN7,0,1,0,1
Q96KG7,1,1,0,2
P0DOX2,0,1,0,1
E7EMK3,1,0,0,1
P84077,0,1,0,1
P20020,1,1,0,2
Q9Y5F8,0,1,0,1
P10644,1,1,1,3
H0YL52,0,0,1,1
O75874,1,1,1,3
Q29865,1,0,0,1
P61160,1,0,0,1
P23142,1,1,1,3
Q5FWE3,1,1,1,3
O43865,1,1,0,2
P55289,1,1,0,2
P41273,1,0,0,1
A0A0A0MQS6,1,0,0,1
P00736,0,1,0,1
P00488,1,1,1,3
O75173,1,1,1,3
A0A087X117,0,0,1,1
Q14697,1,1,1,3
Q86YD3,0,1,0,1
Q12770,1,0,0,1
A0A087X010,1,0,0,1
Q99985,1,1,1,3
P11055,1,0,0,1
D6RAG3,0,0,1,1
P36871,1,1,1,3
Q9HBT6,1,1,1,3
Q9NNW7,1,1,0,2
P14854,0,1,0,1
P0DOX7,0,1,0,1
O75947,1,0,0,1
Q9NRR1,1,1,0,2
Q13433,1,1,1,3
Q6UXB8,1,1,1,3
Q9P2X0,1,0,0,1
F6VDH7,0,0,1,1
Q92823,1,1,0,2
A8MWL6,0,1,0,1
Q01814,1,1,0,2
P13726,1,0,0,1
Q7L1I2,1,0,0,1
E9PHY0,0,0,1,1
Q08629,1,1,1,3
Q96C19,0,1,0,1
J3KNA1,0,0,1,1
A0A1B0GXF2,0,0,1,1
H0YNK6,0,0,1,1
Q9C0C4,1,1,1,3
P07359,1,1,0,2
O75131,1,0,0,1
E9PF59,0,0,1,1
P52758,1,0,1,2
P01127,1,0,0,1
P60983,1,1,0,2
Q9NS85,1,1,1,3
Q8TDW7,1,1,0,2
H0Y6Q1,0,0,1,1
O15400,1,1,0,2
Q15113,1,1,1,3
Q9UP38,1,1,0,2
A0A087WXK5,1,0,0,1
J3QS03,0,0,1,1
O95025,1,1,0,2
Q8NBF4,0,1,0,1
F8WD41,0,0,1,1
P0C0L4,1,1,1,3
P26373,1,0,0,1
G3V1Q7,0,0,1,1
P68036,1,1,1,3
H3BNX8,1,0,0,1
P34949,1,1,0,2
P27169,1,1,1,3
Q99969,1,1,1,3
Q14703,1,0,0,1
A0A182DWH7,0,0,1,1
P13535,1,0,0,1
P53004,1,0,0,1
Q9ULB4,1,1,1,3
E9PGA6,0,0,1,1
O75509,1,1,1,3
A8MT66,0,1,0,1
M0QXF7,0,0,1,1
P01593,0,0,1,1
P01779,1,0,0,1
P10124,1,1,1,3
P06307,1,1,1,3
P25705,1,0,0,1
P07900,1,1,1,3
P15586,1,1,0,2
O43556,0,1,0,1
Q05193,1,1,0,2
Q96HC4,1,1,0,2
B7Z4W5,1,0,0,1
Q96N03,0,1,0,1
Q04446,0,1,0,1
Q9Y3C5,1,1,0,2
P04746,1,1,1,3
P58401,1,1,1,3
Q06141,1,1,0,2
A0A087WXM8,0,0,1,1
Q8NC51,1,1,0,2
P39059,1,1,0,2
P22694,1,0,0,1
O14828,0,1,0,1
Q9BWS9,1,1,1,3
Q9NQ34,1,0,0,1
O43399,1,1,0,2
Q9UPZ6,0,1,0,1
P01599,0,0,1,1
P02741,1,0,1,2
Q6E0U4,1,1,1,3
P12532,1,0,0,1
Q5JPE7,0,1,0,1
P13688,1,0,0,1
B1AKZ9,0,0,1,1
P15121,1,1,0,2
P01704,0,0,1,1
P08579,1,0,0,1
Q99453,1,0,0,1
P30047,1,1,0,2
O43854,1,0,1,2
P11277,1,0,0,1
E9PIM6,0,0,1,1
Q9HCM2,1,1,0,2
O76096,1,0,0,1
Q8WVQ1,1,1,1,3
Q2UY09,1,1,1,3
P45381,1,0,0,1
Q5UCC4,0,1,0,1
O95757,1,0,0,1
O60262,1,0,0,1
P14543,1,1,1,3
F8W8J5,1,0,0,1
P04066,1,1,1,3
A0A140TA33,0,0,1,1
P35318,1,1,0,2
P54727,1,1,0,2
Q7L266,1,1,0,2
P01138,0,1,0,1
O95711,1,0,0,1
O14786,1,1,0,2
B7Z6Z4,1,0,0,1
P50452,1,0,0,1
A0A0C4DH38,1,0,1,2
Q9NS00,1,1,1,3
Q14574,1,1,1,3
Q1RN00,0,1,0,1
P45877,1,1,1,3
Q9NYU2,1,1,0,2
P55011,1,1,0,2
P01009,1,1,1,3
Q8N2G4,1,0,0,1
K7EQG4,1,0,0,1
H3BP20,0,0,1,1
Q15751,1,0,0,1
P05783,0,1,0,1
P02461,1,1,1,3
P61163,1,0,0,1
Q13332,1,1,1,3
P78352,1,1,0,2
O95970,1,1,0,2
P41221,0,1,0,1
Q9BU40-2,0,0,1,1
Q9ULZ3,1,1,0,2
Q701N4,0,1,0,1
P01766,1,0,0,1
O75973,1,1,0,2
Q7Z3Z0,1,0,0,1
P07311,0,1,0,1
Q99732,1,0,0,1
A6NN06,0,1,0,1
A0A087WX97,1,0,0,1
P15311,0,1,0,1
Q14242,0,1,0,1
P04222,1,0,0,1
A0A087WTY6,0,0,1,1
P05546,1,1,1,3
Q9HC07,1,1,0,2
Q13200,1,0,0,1
E7EQ64,1,0,1,2
Q9UP79,1,1,1,3
P49327,0,1,0,1
A0A140T9S5,0,0,1,1
A0A0D9SEP4,0,0,1,1
A8MXB9,0,0,1,1
P62913,1,0,0,1
Q9Y6R1,1,0,0,1
Q9H0R4,1,1,0,2
P00734,1,1,1,3
O60664,0,1,0,1
Q9H467,0,1,0,1
P29279,1,0,0,1
P05121,1,1,1,3
Q15375,1,1,1,3
O00592,1,1,0,2
Q99497,1,1,0,2
Q5BLP8,1,1,1,3
Q9P0K1,1,1,0,2
Q641Q3,1,1,1,3
J3KPA1,1,0,0,1
A0A075B6S2,0,0,1,1
H7C2N1,1,0,0,1
Q9UQB3,1,0,0,1
P24530,1,1,0,2
A0A087WZM2,1,0,1,2
E7EQM8,0,0,1,1
P14618-2,0,0,1,1
P20700,1,0,0,1
Q00765,1,0,0,1
Q9UNE7,1,0,0,1
P05413,1,1,1,3
P18510,1,0,0,1
P48643,1,0,0,1
P24387,1,1,0,2
Q15185,0,1,0,1
O60462,0,1,0,1
A0A087X0S5,0,0,1,1
A0A075B6K5,0,0,1,1
Q96CX2,1,1,0,2
Q8TAD2,0,1,0,1
Q8N350,1,0,0,1
H0YBH7,1,0,0,1
O60330,0,1,0,1
Q96F85,1,0,0,1
Q6ZSR3,0,1,0,1
P62753,0,1,0,1
P0DJD7,1,0,0,1
Q9UHI8,1,1,1,3
P63098,0,1,0,1
E7EMS2,0,0,1,1
Q5T5H1,1,0,0,1
O14983,1,0,0,1
Q6WN34,0,1,0,1
F8WB74,1,0,0,1
O75112,1,0,0,1
Q86YD5,1,1,0,2
P12814,1,1,0,2
P30530,1,1,1,3
Q08380,1,1,1,3
Q9ULK6,0,1,0,1
P01834,0,0,1,1
P00748,1,1,1,3
Q15166,1,0,0,1
P09543,1,1,0,2
Q6ZTC4,0,1,0,1
P10915,1,1,1,3
O14525,1,1,0,2
P58499,1,0,0,1
A0A0U1RQC5,0,0,1,1
P80748,1,0,1,2
P47755,1,1,0,2
O43157,1,1,1,3
Q96RP7,1,1,0,2
Q9H3U7,1,1,0,2
P98173,0,1,0,1
P0DOX4,0,1,0,1
A0A087WSV8,1,0,1,2
P48637,1,1,1,3
Q8WXD2,1,1,1,3
Q15370,1,0,0,1
P07355,1,1,0,2
A0A075B6R9,1,0,1,2
Q05682,1,1,0,2
Q93091,1,1,1,3
Q9H156,1,1,0,2
P61158,1,0,0,1
P09958,1,1,0,2
A0A087WVQ6,1,0,0,1
Q3C1V9,0,1,0,1
P50502,1,1,0,2
Q14114,1,1,0,2
O60279,1,1,1,3
P08603,1,1,1,3
P04080,1,1,1,3
Q6UXZ4,0,1,0,1
P61224,1,0,0,1
P02787,1,1,1,3
O95831,1,0,0,1
Q6VY07,1,0,0,1
P09417,1,1,1,3
P46531,1,1,0,2
P23467,1,1,0,2
H3BRV9,0,0,1,1
P36405,1,0,0,1
P61088,1,1,1,3
A0A0C4DFU2,1,0,0,1
P62258,1,1,1,3
O00622,1,0,0,1
Q9H3Z4,1,1,0,2
Q96DD7,1,1,0,2
Q9BS40,1,0,0,1
Q9H488,1,0,0,1
O60477,1,1,0,2
Q6ZRI8,1,1,1,3
Q9Y2S6,1,0,0,1
H7C0S6,1,0,0,1
C9JE82,0,0,1,1
P08263,0,1,0,1
J3KSN0,0,0,1,1
P43652,1,1,1,3
A0A0A0MQV0,1,0,0,1
P68371,1,0,1,2
P07602,1,1,0,2
Q9H1M4,1,0,0,1
P49908,1,0,0,1
Q7LGC8,1,1,0,2
Q7Z3C6,1,0,0,1
Q6P4E1,1,0,1,2
Q14CZ8,1,1,0,2
P01019,1,1,1,3
Q9Y5H2,0,1,0,1
O15197,1,1,1,3
Q9BU40,1,1,0,2
Q8WUA8,0,1,0,1
P29323,1,1,0,2
P25398,1,0,0,1
F8VVB6,0,0,1,1
P56537,1,1,0,2
Q8N976,0,1,0,1
A0A140T971,0,0,1,1
A0A0U1RR20,0,0,1,1
P05109,1,1,1,3
P07942,0,1,0,1
P18075,1,1,0,2
P09110,1,0,0,1
A0A087WWA5,0,0,1,1
P40925,1,1,1,3
P01617,1,0,0,1
Q7Z5L3,1,1,0,2
P20073,1,1,0,2
Q13790,1,1,1,3
Q16620,1,1,1,3
Q9UIQ6,1,1,1,3
A0A087WYF1,1,0,0,1
P10636,1,1,0,2
P04632,0,1,0,1
Q7L4E1,1,0,0,1
Q9H6L5,1,0,0,1
O60568,1,1,1,3
O15194,1,0,0,1
P51805,0,1,0,1
Q8IZM9,1,0,0,1
B7ZM79,0,0,1,1
P62942,1,1,1,3
Q99426,1,1,0,2
O00461,0,1,0,1
Q9GZV7,1,1,0,2
O14791,1,1,1,3
P55899,1,1,0,2
O95183,1,0,0,1
P46108,1,1,0,2
Q93045,1,1,0,2
F5H1U3,0,0,1,1
O43581,0,1,0,1
P22352,1,1,0,2
F2Z2C8,0,0,1,1
P15259,1,0,0,1
Q14393,1,1,1,3
A0A0C4DG76,0,0,1,1
Q5SZK8,1,1,1,3
P05556,1,1,1,3
Q8N3J6,1,1,1,3
Q07000,1,0,0,1
A0A075B6I6,0,0,1,1
Q9Y376,1,1,0,2
Q9BXJ3,1,1,1,3
P31146,1,1,1,3
Q969H8,1,1,0,2
P14314-2,0,0,1,1
Q9P121,1,1,0,2
Q13087,1,0,0,1
P52797-2,0,0,1,1
P35613,1,1,0,2
P23468-2,0,0,1,1
Q96FJ2,1,1,0,2
Q6P9A2,1,1,1,3
Q6ZSS7,1,1,0,2
P17661,1,0,0,1
Q8N129,0,1,0,1
P40227,1,1,0,2
Q99623,1,1,0,2
C9JFZ1,1,0,0,1
Q9BWP8,1,1,0,2
H0Y5E4,0,0,1,1
P05388,1,0,0,1
A9UJN9,0,0,1,1
Q8N1X5,0,1,0,1
Q86WC4,1,1,0,2
O76024,1,0,0,1
Q5R3F8,1,1,1,3
P43034,1,1,0,2
A8MUS3,1,0,0,1
P10721,1,1,1,3
Q6UX71,1,1,1,3
P09603,1,1,1,3
Q8NBP7,1,1,1,3
J3KRI5,0,0,1,1
P53634,1,1,1,3
P41271,1,1,0,2
A8MX80,0,1,0,1
P31930,1,0,0,1
D3YTG3,1,0,1,2
Q04695,1,1,0,2
Q9UBR2,1,1,1,3
J3KQJ1,1,0,0,1
Q9NZ08,1,1,1,3
J3KN67,1,0,0,1
P48740-2,0,0,1,1
Q8NFY4,1,1,1,3
P40197,1,0,0,1
Q9Y4D7,1,1,0,2
P67775,1,0,0,1
Q8TDB4,1,1,0,2
Q9UM22,1,1,1,3
Q969T9,1,1,0,2
Q13332-5,0,0,1,1
Q9UJ70,1,1,0,2
Q13137,0,1,0,1
P51884,1,1,1,3
Q4ZHG4,0,1,0,1
O95157,0,1,0,1
P67936,1,1,1,3
A0A087WZQ7,1,0,0,1
Q9UK22,1,0,0,1
P55957,1,0,0,1
Q9H8V8,0,1,0,1
Q99435,1,1,0,2
Q9HBB8,1,0,0,1
K7ERG9,1,0,1,2
P23468,1,1,1,3
J3KRP0,1,0,1,2
Q8N5V2,0,1,0,1
Q96NL6,1,0,0,1
P18509,1,0,0,1
Q8TCZ2,1,1,1,3
Q9UPU3,1,1,1,3
Q7KYR7,0,1,0,1
P63208,1,1,0,2
Q9BZR6,0,1,0,1
P31431,1,1,0,2
P00746,0,1,0,1
P08238,1,1,1,3
Q92752,1,1,1,3
Q2TAL6,1,1,1,3
P98153,1,1,0,2
Q8NI32,1,1,0,2
Q9NX62,1,0,1,2
P46821,1,1,0,2
Q6UXI7,1,1,0,2
Q86UW8,1,1,1,3
D6RHH7,0,0,1,1
A0A0J9YXX1,0,0,1,1
P30443,1,0,0,1
P55283,1,1,1,3
C9JVW0,1,1,0,2
Q9BYJ0,1,1,1,3
Q9BX67,1,1,1,3
Q5T749,1,1,0,2
Q8N9W7,0,1,0,1
A0A0A0MR25,0,0,1,1
Q06830,1,0,1,2
P16152,1,1,1,3
Q12841,1,1,1,3
Q9H8L6,1,1,1,3
P08575,0,1,0,1
O76009,0,1,0,1
O15031,1,1,1,3
P52888,1,1,0,2
P20155,0,1,0,1
P05160,1,1,1,3
P08559,1,0,0,1
Q9NS84,1,1,1,3
K7ERI9,0,0,1,1
Q8N428,1,1,1,3
P47985,1,0,0,1
Q9BXS4,1,1,0,2
Q2M2I8,1,0,0,1
P35247,1,1,0,2
P28062,1,0,0,1
P06331,1,0,1,2
Q9H8J5,1,1,1,3
P30085,1,1,0,2
Q92832,1,1,0,2
P05107,1,1,0,2
Q13501,1,1,0,2
Q8NFF2,1,0,0,1
P02458,1,1,1,3
Q15363,0,1,0,1
A0A0B4J2C3,1,0,1,2
M0QZI8,0,0,1,1
P00352,1,1,1,3
P31153,1,1,0,2
A2A2D0,0,0,1,1
O95633,1,1,0,2
P14625,1,1,1,3
P39019,1,0,0,1
Q9NQX3,0,1,0,1
P01861,1,0,0,1
P52848,1,1,1,3
Q6UVK1,1,1,1,3
Q9NRX4,1,1,0,2
Q6ZMI3,1,1,1,3
Q9Y623,1,0,0,1
O94769,1,1,1,3
O95164,1,1,0,2
Q8N145,1,1,0,2
P20908,1,1,0,2
Q8N475,1,1,1,3
O75339,0,1,1,2
P28838,1,1,0,2
Q96FE5,1,1,1,3
O43895,0,1,0,1
Q9H4A4,1,1,0,2
Q8N2B8,0,1,0,1
A0A0B4J1V6,0,0,1,1
P30498,1,0,0,1
E9PKE3,0,0,1,1
Q76M96,1,1,0,2
P61956,1,0,0,1
E7EN89,0,0,1,1
Q9Y5G1,0,1,0,1
Q5VUB5,1,1,1,3
Q93063,1,1,1,3
A0A0A0MRP7,1,0,0,1
Q8TB96,1,1,0,2
A0A087WTT8,0,0,1,1
Q13822,1,1,0,2
Q9NQC3,1,1,0,2
P05976,1,0,0,1
Q9Y2S2,1,1,0,2
P11215,1,1,0,2
P09529,0,1,0,1
Q9UJJ9,1,1,1,3
P02042,1,0,1,2
P14778,1,0,0,1
Q8NCB2,1,1,0,2
A0A087WX80,0,0,1,1
P02728,0,1,0,1
Q6UW49,0,1,0,1
H0YBZ2,1,0,0,1
P46783,1,0,0,1
Q86YL7,1,0,0,1
C9J4G9,0,0,1,1
P21579,1,1,1,3
P01903,1,1,0,2
A0A0C4DH24,0,0,1,1
Q8IZF2,1,0,0,1
Q02985,1,1,0,2
Q6ZMP0,1,1,1,3
P58215,1,1,0,2
P23490,1,0,0,1
P07451,1,1,1,3
A1L4H1,1,1,1,3
Q13018,1,1,0,2
O75503,0,1,0,1
H3BMA1,0,0,1,1
H7C0V4,0,0,1,1
P20810,1,1,0,2
O43752,1,1,0,2
P46459,1,1,0,2
Q68D10,1,0,0,1
P68133,1,1,0,2
P12035,1,0,0,1
Q05707,1,1,1,3
C9JIZ6,0,0,1,1
Q92686,1,1,0,2
P80303,0,1,0,1
P59901,0,1,0,1
O75608,0,1,0,1
Q5KU26,1,1,1,3
Q15181,1,0,0,1
P48539,1,1,1,3
Q14517,0,1,1,2
Q9UEW3,1,1,0,2
P07492,1,1,0,2
A0A0C4DH30,0,0,1,1
Q13683,1,1,0,2
Q9H336,1,1,0,2
Q92563,1,1,1,3
P61586,1,0,0,1
O14522,0,1,0,1
P23327,1,0,0,1
P01619,0,0,1,1
Q99832,1,0,0,1
D3DVS7,1,0,0,1
E7EPT4,1,0,0,1
Q08174,1,1,0,2
P50995,1,0,0,1
P01344,1,1,1,3
Q13641,1,1,1,3
P41586,0,1,0,1
P51693-2,0,0,1,1
Q14204,1,0,0,1
O95197,1,0,0,1
P06732,1,0,1,2
A2A2V4,1,0,0,1
G3V150,0,0,1,1
A0A0A6YYA0,0,0,1,1
Q0VG73,0,1,0,1
P0DMV8,0,1,0,1
Q5JRA6,1,1,1,3
O75462,1,0,0,1
H7BY58,1,0,0,1
Q99250,1,0,0,1
Q9NU53,1,1,0,2
A0A087WVP1,1,0,0,1
Q06828,1,1,1,3
P49368,1,0,0,1
Q96KP4,1,1,0,2
Q9UFV3,0,1,0,1
O95497,1,1,1,3
P26927,0,1,0,1
A0A0A0MQW5,1,0,0,1
P09497,1,1,0,2
Q9Y5I4,1,1,1,3
P17096,1,0,0,1
Q9BWV1,1,1,0,2
O60888,1,1,1,3
Q969P0,1,1,1,3
Q14563,1,1,1,3
P80108,1,1,1,3
P60709,1,0,1,2
P46940,1,0,0,1
P19367,1,1,1,3
Q8WY91,0,0,1,1
P17677,1,1,1,3
Q9HAA7,0,1,0,1
Q6FHJ7,1,1,0,2
Q96D15,1,0,0,1
P06313,1,0,0,1
P58400,1,1,0,2
Q6KB66,1,1,0,2
A0A0A0MQY7,0,0,1,1
Q10472,1,1,1,3
B7Z4G8,0,0,1,1
A0A087X106,0,0,1,1
P60981,1,1,0,2
A0A087X253,0,0,1,1
P0DOX8,0,1,0,1
J3KQ66,1,0,0,1
Q09666,1,1,0,2
P09496,1,0,0,1
A0A075B6Q5,0,0,1,1
Q9UBX8,1,1,0,2
P19652,1,1,1,3
P61812,1,1,0,2
P10745,1,1,1,3
Q8NGA1,0,1,0,1
P20366,1,1,1,3
Q12884,1,1,0,2
P45378,1,0,0,1
H0YKS4,0,0,1,1
Q9UN67,0,1,0,1
O60449,1,0,0,1
P21860,1,1,0,2
A0A0A6YYJ2,0,0,1,1
P27487,1,1,0,2
Q86Y38,1,1,1,3
A0A0C4DGV4,0,0,1,1
P00167,0,1,0,1
A0A0B4J1Z1,0,0,1,1
Q9Y2B1,1,0,0,1
Q8N6C5,1,1,1,3
P06703,1,1,0,2
D6RER2,0,0,1,1
P02750,1,1,1,3
O43184,0,1,0,1
O75884,1,1,0,2
P30990,0,1,0,1
P29120,1,1,1,3
O95467,1,1,1,3
Q9H2A9,1,1,0,2
A0A0C4DH07,0,0,1,1
Q9UIB8,1,1,1,3
Q6ZQY7,0,1,0,1
Q9H479,1,0,0,1
Q9Y334,1,1,0,2
P49418,1,1,0,2
P06312,0,0,1,1
Q9UM21,1,1,0,2
P49746,1,1,0,2
P17050,1,1,1,3
A0A075B6K9,1,0,0,1
Q96MF0,0,1,0,1
P15289,0,1,0,1
Q5SRN5,1,0,0,1
P55854,0,1,0,1
Q9NUQ9,1,0,1,2
P43004,1,1,1,3
Q9UII2,1,0,0,1
P01225,1,0,0,1
P00558,1,1,1,3
I3L425,1,0,0,1
P48051,1,1,0,2
A0A0A0MS52,0,0,1,1
V9GYM3,1,0,0,1
Q9NZP8,1,1,1,3
Q10589,1,1,0,2
P05067,1,1,1,3
Q9Y2E5,1,1,0,2
Q8NBI6,1,1,1,3
Q8IZJ3,1,1,0,2
H0YC42,1,0,0,1
Q92859,1,1,1,3
A0A286YEY1,0,0,1,1
P35241,1,1,1,3
F6RFD5,0,0,1,1
A0A0C4DFX3,1,0,0,1
Q9NY47,1,1,0,2
Q9UM47,1,1,1,3
Q8TDQ7,1,0,0,1
P02751,1,1,1,3
Q13561,1,1,0,2
Q9P0K9,1,1,1,3
F8W703,0,0,1,1
Q15323,1,0,0,1
P99999,1,1,0,2
P02753,1,1,1,3
Q9H008,1,1,0,2
A6NC48,1,0,1,2
P04003,1,1,1,3
A0A0B4J2B3,1,0,0,1
Q8NC67,1,1,1,3
